sites.google.com	DROP	US	Google Sites	other
news.google.com	DROP	US	Google News	aggregator
google.com	DROP	US	Google	aggregator
finance.yahoo.com	DROP	US	Yahoo Finance	aggregator
news.yahoo.com	DROP	US	Yahoo News	aggregator
msn.com	DROP	US	MSN	aggregator
umdsbs.wordpress.com	DROP	US	Stories Beneath the Shell	other
web.archive.org	DROP	US	Internet Archive	aggregator
nytimes.com	KEEP	US	The New York Times	
medium.com	DROP	US	Medium	aggregator
cnn.com	KEEP	US	CNN	
forbes.com	KEEP	US	Forbes	
weather.com	DROP	US	The Weather Channel	notnews
reuters.com	KEEP	US	Reuters	
cdc.gov	DROP	US	Centers for Disease Control and Prevention	other
wwwnc.cdc.gov	DROP	US	Emerging Infectious Diseases	journal
issuu.com	DROP	US	Issuu	aggregator
wsj.com	KEEP	US	Wall Street Journal	
washingtonpost.com	KEEP	US	Washington Post	
bloomberg.com	KEEP	US	Bloomberg	
businessinsider.com	KEEP	US	Business Insider	
espn.com	KEEP	US	ESPN	
jessica.substack.com	DROP	US	All in Her Head	other
abcnews.go.com	KEEP	US	ABC News	
cnbc.com	KEEP	US	CNBC	
npr.org	KEEP	US	NPR	
fandom.com	DROP	US	Fandom	other
foxnews.com	KEEP	US	Fox News	
wired.com	KEEP	US	Wired	
usatoday.com	KEEP	US	USA Today	
time.com	KEEP	US	TIME	
news.cornell.edu	DROP	US	Cornell Chronicle	notnews
hdl.loc.gov	DROP	US	Library of Congress	aggregator
chroniclingamerica.loc.gov	DROP	US	Chronicling America	aggregator
loc.gov	DROP	US	Library of Congress	aggregator
stacks.loc.gov	DROP	US	Library of Congress	aggregator
techcrunch.com	KEEP	US	TechCrunch	
cbsnews.com	KEEP	US	CBS News	
cnet.com	KEEP	US	CNET	
apnews.com	KEEP	US	Associated Press	
people.com	KEEP	US	People	
theverge.com	KEEP	US	The Verge	
nbcnews.com	KEEP	US	NBC News	
chess.com	DROP	US	Chess.com	notnews
latimes.com	KEEP	US	Los Angeles Times	
genius.com	DROP	US	Genius	notnews
nationalgeographic.com	DROP	US	National Geographic	notnews
theatlantic.com	KEEP	US	The Atlantic	
pbs.org	KEEP	US	PBS	
huffpost.com	KEEP	US	HuffPost	
nypost.com	KEEP	US	New York Post	
fortune.com	KEEP	US	Fortune	
jstor.org	DROP	US	JSTOR	aggregator
daily.jstor.org	DROP	US	JSTOR Daily	notnews
usnews.com	KEEP	US	U.S. News & World Report	
newsweek.com	KEEP	US	Newsweek	
newyorker.com	KEEP	US	The New Yorker	
zdnet.com	KEEP	US	ZDNET	
marketwatch.com	KEEP	US	MarketWatch	
vice.com	KEEP	US	Vice	
arstechnica.com	KEEP	US	Ars Technica	
fastcompany.com	KEEP	US	Fast Company	
gizmodo.com	KEEP	US	Gizmodo	
politico.com	KEEP	US	Politico	
mashable.com	KEEP	US	Mashable	
ign.com	DROP	US	IGN	notnews
engadget.com	KEEP	US	Engadget	
ufdc.ufl.edu	DROP	US	University of Florida Digital Collections	aggregator
variety.com	KEEP	US	Variety	
vox.com	KEEP	US	Vox	
axios.com	KEEP	US	Axios	
slate.com	KEEP	US	Slate	
rollingstone.com	KEEP	US	Rolling Stone	
sfgate.com	KEEP	US	SFGATE	
qz.com	KEEP	US	Quartz	
technologyreview.com	KEEP	US	MIT Technology Review	
wildcat.arizona.edu	KEEP	US	Arizona Daily Wildcat	
thehill.com	KEEP	US	The Hill	
hollywoodreporter.com	KEEP	US	Hollywood Reporter	
bizjournals.com	KEEP	US	The Business Journals	
pittsburgh.bizjournals.com	KEEP	US	Pittsburgh Business Times	
birmingham.bizjournals.com	KEEP	US	Birmingham Business Journal	
chicagotribune.com	KEEP	US	Chicago Tribune	
lakeforest.chicagotribune.com	DROP	US	Lake Forester	defunct
venturebeat.com	KEEP	US	VentureBeat	
newspapers.sos.wa.gov	DROP	US	Washington Digital Newspapers	aggregator
discovery.com	DROP	US	Discovery	notnews
vogue.com	DROP	US	Vogue	notnews
tmz.com	KEEP	US	TMZ	
thedailybeast.com	KEEP	US	The Daily Beast	
si.com	KEEP	US	Sports Illustrated	
foxsports.com	KEEP	US	Fox Sports	
nymag.com	KEEP	US	New York Magazine	
voanews.com	KEEP	US	Voice of America	
deadline.com	KEEP	US	Deadline	
vanityfair.com	KEEP	US	Vanity Fair	
advertiserdemocrat.com.com	DROP	US	The Advertiser Democrat	other
njjewishnews.timesofisrael.com	DROP	US	New Jersey Jewish News	other
salon.com	KEEP	US	Salon	
boston.com	KEEP	US	Boston.com	
nydailynews.com	KEEP	US	New York Daily News	
search.proquest.com	DROP	US	ProQuest	aggregator
gateway.proquest.com	DROP	US	ProQuest	aggregator
digitalmicrofilm1.proquest.com	DROP	US	ProQuest	aggregator
proquest.com	DROP	US	ProQuest	aggregator
gradynewsource.uga.edu	KEEP	US	Grady Newsource	
stlow.iii.com	DROP	US	Innovative Interfaces	aggregator
space.com	KEEP	US	Space.com	
coindesk.com	KEEP	US	CoinDesk	
bostonglobe.com	KEEP	US	Boston Globe	
hdl.handle.net	DROP	US	Handle System	aggregator
seattletimes.com	KEEP	US	Seattle Times	
umass.edu	DROP	US	University of Massachusetts Amherst	other
oregonnews.uoregon.edu	DROP	US	Historic Oregon Newspapers	aggregator
macrumors.com	KEEP	US	MacRumors	
propublica.org	KEEP	US	ProPublica	
resolver.library.ualberta.ca	DROP	US	University of Alberta Library	aggregator
foreignpolicy.com	KEEP	US	Foreign Policy	
barrons.com	KEEP	US	Barron's	
msnbc.com	KEEP	US	MSNBC	
ap.org	DROP	US	Associated Press	other
universe.byu.edu	KEEP	US	The Universe	
bleacherreport.com	KEEP	US	Bleacher Report	
lexisnexis.com	DROP	US	LexisNexis	aggregator
gallica.bnf.fr	DROP	US	Gallica	aggregator
washingtontimes.com	KEEP	US	Washington Times	
miamiherald.com	KEEP	US	Miami Herald	
mercurynews.com	KEEP	US	Mercury News	
cdnc.ucr.edu	DROP	US	California Digital Newspaper Collection	aggregator
bleepingcomputer.com	KEEP	US	BleepingComputer	
dallasnews.com	KEEP	US	The Dallas Morning News	
csmonitor.com	KEEP	US	The Christian Science Monitor	
upi.com	KEEP	US	United Press International	
breitbart.com	KEEP	US	Breitbart	
startribune.com	KEEP	US	Star Tribune	
nj.com	KEEP	US	NJ.com	
theepochtimes.com	KEEP	US	The Epoch Times	
bibpurl.oclc.org	DROP	US	OCLC	aggregator
liverpool.idm.oclc.org	DROP	US	OCLC	aggregator
newfirstsearch.oclc.org	DROP	US	OCLC FirstSearch	aggregator
0-nouveau.europresse.com.pugwash.lib.warwick.ac.uk	DROP	US	Europresse	aggregator
0-www.bpe.europresse.com.pugwash.lib.warwick.ac.uk	DROP	US	Europresse	aggregator
0-www.nexis.com.pugwash.lib.warwick.ac.uk	DROP	US	Nexis	aggregator
9to5mac.com	KEEP	US	9to5Mac	
search.ebscohost.com	DROP	US	EBSCOhost	aggregator
ebscohost.com	DROP	US	EBSCOhost	aggregator
boingboing.net	KEEP	US	Boing Boing	
motherjones.com	KEEP	US	Mother Jones	
pagesix.com	KEEP	US	Page Six	
eonline.com	KEEP	US	E! News	
chicago.suntimes.com	KEEP	US	Chicago Sun-Times	
suntimes.com	KEEP	US	Chicago Sun-Times	
oregonlive.com	KEEP	US	The Oregonian	
azcentral.com	KEEP	US	The Arizona Republic	
denverpost.com	KEEP	US	Denver Post	
newrepublic.com	KEEP	US	The New Republic	
sbnation.com	KEEP	US	SB Nation	
thenation.com	KEEP	US	The Nation	
inquirer.com	KEEP	US	Philadelphia Inquirer	
vulture.com	DROP	US	Vulture	notnews
mtv.com	DROP	US	MTV	notnews
freep.com	KEEP	US	Detroit Free Press	
telegram.com	KEEP	US	Telegram & Gazette	
sfchronicle.com	KEEP	US	San Francisco Chronicle	
theintercept.com	KEEP	US	The Intercept	
eater.com	DROP	US	Eater	notnews
sandiegouniontribune.com	KEEP	US	The San Diego Union-Tribune	
gale.cengage.com	DROP	US	Gale	aggregator
rfa.org	KEEP	US	Radio Free Asia	
newsmax.com	KEEP	US	Newsmax	
futurism.com	KEEP	US	Futurism	
ajc.com	KEEP	US	Atlanta Journal-Constitution	
observer.com	KEEP	US	New York Observer	
military.com	KEEP	US	Military.com	
buzzfeednews.com	DROP	US	BuzzFeed News	defunct
discovermagazine.com	DROP	US	Discover	notnews
cleveland.com	KEEP	US	Cleveland.com	
baltimoresun.com	KEEP	US	The Baltimore Sun	
rferl.org	KEEP	US	Radio Free Europe/Radio Liberty	
statnews.com	KEEP	US	STAT	
theonion.com	DROP	US	The Onion	notnews
mlive.com	KEEP	US	MLive	
businessinsider.com.pl	DROP	US	Business Insider Polska	nonukus
pitchfork.com	DROP	US	Pitchfork	notnews
zerohedge.com	KEEP	US	ZeroHedge	
washingtonexaminer.com	KEEP	US	Washington Examiner	
examiner.com	DROP	US	Examiner.com	defunct
nationalreview.com	KEEP	US	National Review	
al.com	KEEP	US	AL.com	
thecut.com	DROP	US	The Cut	notnews
news.bloomberglaw.com	KEEP	US	Bloomberg Law	
newsday.com	KEEP	US	Newsday	
chronicle.com	KEEP	US	The Chronicle of Higher Education	
thewrap.com	KEEP	US	The Wrap	
post-gazette.com	KEEP	US	Pittsburgh Post-Gazette	
rawstory.com	KEEP	US	Raw Story	
wbur.org	KEEP	US	WBUR	
detroitnews.com	KEEP	US	Detroit News	
mongabay.com	KEEP	US	Mongabay	
jsonline.com	KEEP	US	Milwaukee Journal Sentinel	
usmagazine.com	KEEP	US	Us Weekly	
wral.com	KEEP	US	WRAL	
dailykos.com	KEEP	US	Daily Kos	
sacbee.com	KEEP	US	The Sacramento Bee	
investors.com	KEEP	US	Investor's Business Daily	
cw.ua.edu	KEEP	US	The Crimson White	
windowscentral.com	KEEP	US	Windows Central	
reviewjournal.com	KEEP	US	Las Vegas Review-Journal	
ocregister.com	KEEP	US	Orange County Register	
newscomwc.newspapers.com	DROP	US	Newspapers.com	aggregator
reason.com	KEEP	US	Reason	
tronc-hartford-courant-prod.origin.arcpublishing.com	DROP	US	Arc Publishing origin	other
theathletic.com	KEEP	US	The Athletic	
tampabay.com	KEEP	US	Tampa Bay Times	
thediplomat.com	KEEP	US	The Diplomat	
fivethirtyeight.com	DROP	US	FiveThirtyEight	defunct
bonappetit.com	DROP	US	Bon Appetit	notnews
deseret.com	KEEP	US	Deseret News	
teenvogue.com	DROP	US	Teen Vogue	notnews
usccb.org	DROP	US	US Conference of Catholic Bishops	other
nola.com	KEEP	US	NOLA.com	
kqed.org	KEEP	US	KQED	
univision.com	KEEP	US	Univision News	
commondreams.org	KEEP	US	Common Dreams	
abc7.com	KEEP	US	ABC7	
houstonchronicle.com	KEEP	US	Houston Chronicle	
democracynow.org	KEEP	US	Democracy Now!	
orlandosentinel.com	KEEP	US	Orlando Sentinel	
texastribune.org	KEEP	US	Texas Tribune	
edweek.org	KEEP	US	Education Week	
sun-sentinel.com	KEEP	US	Sun Sentinel	
alternet.org	KEEP	US	AlterNet	
bostonherald.com	KEEP	US	Boston Herald	
sltrib.com	KEEP	US	Salt Lake Tribune	
catalog.hathitrust.org	DROP	US	HathiTrust	aggregator
politifact.com	KEEP	US	PolitiFact	
dailycaller.com	KEEP	US	Daily Caller	
gawker.com	DROP	US	Gawker	defunct
realclearpolitics.com	DROP	US	RealClearPolitics	aggregator
thegatewaypundit.com	KEEP	US	The Gateway Pundit	
curbed.com	DROP	US	Curbed	notnews
stltoday.com	KEEP	US	St. Louis Post-Dispatch	
suburbanjournals.stltoday.com	DROP	US	Suburban Journals	defunct
indystar.com	KEEP	US	The Indianapolis Star	
ktla.com	KEEP	US	KTLA	
philly.com	DROP	US	Philly.com	defunct
syracuse.com	KEEP	US	Syracuse.com	
nybooks.com	DROP	US	The New York Review of Books	notnews
courthousenews.com	KEEP	US	Courthouse News Service	
dailydot.com	KEEP	US	The Daily Dot	
laweekly.com	KEEP	US	LA Weekly	
theinformation.com	KEEP	US	The Information	
kansascity.com	KEEP	US	Kansas City Star	
militarytimes.com	KEEP	US	Military Times	
masslive.com	KEEP	US	MassLive	
grist.org	KEEP	US	Grist	
dispatch.com	KEEP	US	The Columbus Dispatch	
townhall.com	KEEP	US	Townhall	
link.gale.com	DROP	US	Gale	aggregator
pennlive.com	KEEP	US	PennLive	
mediaite.com	KEEP	US	Mediaite	
tennessean.com	KEEP	US	The Tennessean	
truthout.org	KEEP	US	Truthout	
nbcchicago.com	KEEP	US	NBC Chicago	
villagevoice.com	KEEP	US	The Village Voice	
defensenews.com	KEEP	US	Defense News	
awi.defensenews.com	DROP	US	Defense News	other
gothamist.com	KEEP	US	Gothamist	
courant.com	KEEP	US	Hartford Courant	
law360.com	KEEP	US	Law360	
abc7news.com	KEEP	US	ABC7 News	
statesman.com	KEEP	US	Austin American-Statesman	
mysanantonio.com	KEEP	US	San Antonio Express-News	
stripes.com	KEEP	US	Stars and Stripes	
desmoinesregister.com	KEEP	US	Des Moines Register	
altoonaherald.desmoinesregister.com	DROP	US	Altoona Herald-Mitchellville Index	defunct
cincinnati.com	KEEP	US	Cincinnati Enquirer	
newsobserver.com	KEEP	US	The News & Observer	
opensecrets.org	DROP	US	OpenSecrets	other
news.nau.edu	DROP	US	The NAU Review	notnews
triblive.com	KEEP	US	Pittsburgh Tribune-Review	
theblaze.com	KEEP	US	The Blaze	
9news.com	KEEP	US	9NEWS Denver	
jacobin.com	KEEP	US	Jacobin	
torrentfreak.com	KEEP	US	TorrentFreak	
wnyc.org	KEEP	US	WNYC	
christianitytoday.com	KEEP	US	Christianity Today	
jezebel.com	KEEP	US	Jezebel	
404media.co	KEEP	US	404 Media	
charlotteobserver.com	KEEP	US	Charlotte Observer	
deadspin.com	KEEP	US	Deadspin	
spokesman.com	KEEP	US	Spokesman-Review	
postandcourier.com	KEEP	US	The Post and Courier	
cjr.org	KEEP	US	Columbia Journalism Review	
pressherald.com	KEEP	US	Portland Press Herald	
christianpost.com	KEEP	US	The Christian Post	
drudgereport.com	DROP	US	Drudge Report	aggregator
nbcbayarea.com	KEEP	US	NBC Bay Area	
buffalonews.com	KEEP	US	Buffalo News	
northjersey.com	KEEP	US	The Record	
king5.com	KEEP	US	KING5	
semafor.com	KEEP	US	Semafor	
harpers.org	KEEP	US	Harper's Magazine	
adn.com	KEEP	US	Anchorage Daily News	
palmbeachpost.com	KEEP	US	The Palm Beach Post	
icij.org	KEEP	US	ICIJ	
twincities.com	KEEP	US	St. Paul Pioneer Press	
rollcall.com	KEEP	US	Roll Call	
dailyherald.com	KEEP	US	Daily Herald	
seattlepi.com	KEEP	US	Seattle Post-Intelligencer	
star.txstate.edu	KEEP	US	The University Star	
wfaa.com	KEEP	US	WFAA	
theringer.com	KEEP	US	The Ringer	
dailywire.com	KEEP	US	Daily Wire	
prospect.org	KEEP	US	The American Prospect	
mprnews.org	KEEP	US	MPR News	
6abc.com	KEEP	US	6abc	
oklahoman.com	KEEP	US	The Oklahoman	
dowjones.com	DROP	US	Dow Jones	wire
spacenews.com	KEEP	US	Space News	
aviationweek.com	KEEP	US	Aviation Week	
nbcdfw.com	KEEP	US	NBC DFW	
scotusblog.com	KEEP	US	SCOTUS Blog	
texasmonthly.com	KEEP	US	Texas Monthly	
lasvegassun.com	KEEP	US	Las Vegas Sun	
wsbtv.com	KEEP	US	WSB-TV	
courier-journal.com	KEEP	US	The Courier-Journal	
nbcphiladelphia.com	KEEP	US	NBC10 Philadelphia	
tucson.com	KEEP	US	Arizona Daily Star	
dailynews.com	KEEP	US	Los Angeles Daily News	
marinecorpstimes.va.newsmemory.com	DROP	US	Marine Corps Times e-edition	other
mediamatters.org	DROP	US	Media Matters for America	other
koreadaily.com	KEEP	US	The Korea Daily	
al-monitor.com	KEEP	US	Al-Monitor	
whyy.org	KEEP	US	WHYY	
calmatters.org	KEEP	US	Calmatters	
laist.com	KEEP	US	LAist	
star-telegram.com	KEEP	US	Fort Worth Star-Telegram	
wgntv.com	KEEP	US	WGN	
talkingpointsmemo.com	KEEP	US	Talking Points Memo	
niemanlab.org	KEEP	US	Nieman Lab	
pressdemocrat.com	KEEP	US	The Press Democrat	
kxan.com	KEEP	US	KXAN	
khou.com	KEEP	US	KHOU	
wnd.com	KEEP	US	WND	
infowars.com	KEEP	US	Infowars	
epochtimes.com	DROP	US	Epoch Times Chinese edition	nonukus
ecowatch.com	KEEP	US	EcoWatch	
jta.org	KEEP	US	Jewish Telegraphic Agency	
bangordailynews.com	KEEP	US	Bangor Daily News	
insideclimatenews.org	KEEP	US	Inside Climate News	
thefederalist.com	KEEP	US	The Federalist	
madison.com	KEEP	US	Wisconsin State Journal	
mcall.com	KEEP	US	The Morning Call	
catholicnewsagency.com	KEEP	US	Catholic News Agency	
dailyvoice.com	KEEP	US	The Daily Voice	
app.com	KEEP	US	Asbury Park Press	
advance.lexis.com	DROP	US	LexisNexis	aggregator
richmond.com	KEEP	US	Richmond Times-Dispatch	
jacksonville.com	KEEP	US	Florida Times-Union	
knoxnews.com	KEEP	US	Knoxville News Sentinel	
theblock.co	KEEP	US	The Block	
pilotonline.com	KEEP	US	The Virginian-Pilot	
11alive.com	KEEP	US	11Alive News	
ncronline.org	KEEP	US	National Catholic Reporter	
local10.com	KEEP	US	WPLG Local 10 News	
restofworld.org	KEEP	US	Rest of World	
kcrw.com	KEEP	US	KCRW	
miaminewtimes.com	KEEP	US	Miami New Times	
ny1.com	KEEP	US	NY1	
abc15.com	KEEP	US	ABC15 Arizona	
arkansasonline.com	KEEP	US	Arkansas Democrat-Gazette	
omaha.com	KEEP	US	Omaha World-Herald	
eenews.net	KEEP	US	E&E News	
campusgroups.erau.edu	DROP	US	Embry-Riddle Campus Groups	other
chicagobusiness.com	KEEP	US	Crain's Chicago Business	
sfexaminer.com	KEEP	US	San Francisco Examiner	
taskandpurpose.com	KEEP	US	Task & Purpose	
kentucky.com	KEEP	US	Lexington Herald-Leader	
delawareonline.com	KEEP	US	Delaware Online	
ctinsider.com	KEEP	US	CT Insider	
heraldtribune.com	KEEP	US	Sarasota Herald-Tribune	
democratandchronicle.com	KEEP	US	Democrat and Chronicle	
fox5atlanta.com	KEEP	US	Fox 5 Atlanta	
freebeacon.com	KEEP	US	Washington Free Beacon	
silive.com	KEEP	US	Staten Island Advance	
tallahassee.com	KEEP	US	Tallahassee Democrat	
religionnews.com	KEEP	US	Religion News Service	
redstate.com	KEEP	US	RedState	
lj3le7zk2e.search.serialssolutions.com	DROP	US	Serials Solutions	aggregator
yu7rz9hn8y.search.serialssolutions.com	DROP	US	Serials Solutions	aggregator
wc2vb5mt8e.search.serialssolutions.com	DROP	US	Serials Solutions	aggregator
zm3uh2fr3l.search.serialssolutions.com	DROP	US	Serials Solutions	aggregator
vh7qx3xe2p.search.serialssolutions.com	DROP	US	Serials Solutions	aggregator
my2vs8lv9p.search.serialssolutions.com	DROP	US	Serials Solutions	aggregator
bt2ha9xt3y.search.serialssolutions.com	DROP	US	Serials Solutions	aggregator
dg4zn4jn3v.search.serialssolutions.com	DROP	US	Serials Solutions	aggregator
qn6sj3qc3h.search.serialssolutions.com	DROP	US	Serials Solutions	aggregator
city-journal.org	KEEP	US	City Journal	
elibrary.cf.ac.uk	DROP	US	Cardiff University Library	aggregator
theroot.com	KEEP	US	The Root	
newjersey.news12.com	KEEP	US	News12NJ	
dailysignal.com	KEEP	US	The Daily Signal	
amny.com	KEEP	US	AM New York	
daytondailynews.com	KEEP	US	Dayton Daily News	
ezproxy.aut.ac.nz	DROP	US	AUT Library	aggregator
austinchronicle.com	KEEP	US	Austin Chronicle	
staradvertiser.com	KEEP	US	Honolulu Star-Advertiser	
americanbanker.com	KEEP	US	American Banker	
justsecurity.org	DROP	US	Just Security	notnews
cpr.org	KEEP	US	Colorado Public Radio	
gazette.com	KEEP	US	The Gazette	
thestate.com	KEEP	US	The State	
thestranger.com	KEEP	US	The Stranger	
hotair.com	KEEP	US	HotAir	
floridatoday.com	KEEP	US	Florida Today	
expressnews.com	KEEP	US	San Antonio Express-News	
eastbaytimes.com	KEEP	US	East Bay Times	
clarionledger.com	KEEP	US	Clarion Ledger	
tulsaworld.com	KEEP	US	Tulsa World	
chicagoreader.com	KEEP	US	Chicago Reader	
ctpost.com	KEEP	US	Connecticut Post	
fox5ny.com	KEEP	US	Fox 5 New York	
westword.com	KEEP	US	Westword	
providencejournal.com	KEEP	US	The Providence Journal	
wichita.edu	DROP	US	Studies in Medieval and Renaissance Teaching	journal
mcclatchydc.com	KEEP	US	McClatchy DC	
sfstandard.com	KEEP	US	The San Francisco Standard	
ejournal.abqjournal.com	DROP	US	Albuquerque Journal e-edition	other
abqjournal.com	KEEP	US	Albuquerque Journal	
washingtoncitypaper.com	KEEP	US	Washington City Paper	
wttw.com	KEEP	US	WTTW	
commercialappeal.com	KEEP	US	Commercial Appeal	
kpbs.org	KEEP	US	KPBS	
wickedlocal.com	DROP	US	Wicked Local	defunct
winchester.wickedlocal.com	DROP	US	Winchester Star	defunct
brookline.wickedlocal.com	DROP	US	Brookline TAB	defunct
chatham.wickedlocal.com	DROP	US	Wicked Local Chatham	defunct
waltham.wickedlocal.com	DROP	US	Waltham News Tribune	defunct
wayland.wickedlocal.com	DROP	US	Wayland Town Crier	defunct
mansfield.wickedlocal.com	DROP	US	Mansfield News	defunct
thenewstribune.com	KEEP	US	The News Tribune	
phoenixnewtimes.com	KEEP	US	Phoenix New Times	
lohud.com	KEEP	US	The Journal News	
kcci.com	KEEP	US	KCCI	
sportsbusinessjournal.com	KEEP	US	Sports Business Journal	
heraldnet.com	KEEP	US	The Everett Herald	
inthesetimes.com	KEEP	US	In These Times	
foxla.com	KEEP	US	FOX 11 Los Angeles	
dallasobserver.com	KEEP	US	Dallas Observer	
crainsnewyork.com	KEEP	US	Crain's New York Business	
kansas.com	KEEP	US	Wichita Eagle	
nbcconnecticut.com	KEEP	US	NBC Connecticut	
elnuevodia.com	KEEP	US	El Nuevo Día	
metrotimes.com	KEEP	US	Metro Times	
minnpost.com	KEEP	US	MinnPost	
ourmidland.com	KEEP	US	Midland Daily News	
rgj.com	KEEP	US	Reno Gazette-Journal	
coloradosun.com	KEEP	US	Colorado Sun	
infoweb.newsbank.com	DROP	US	NewsBank	aggregator
thejewishadvocate.newsbank.com	DROP	US	NewsBank	aggregator
desertsun.com	KEEP	US	The Desert Sun	
abovethelaw.com	KEEP	US	Above the Law	
hcn.org	KEEP	US	High Country News	
wweek.com	KEEP	US	Willamette Week	
firstthings.com	KEEP	US	First Things	
worldjournal.com	KEEP	US	World Journal	
babylonbee.com	DROP	US	The Babylon Bee	notnews
armytimes.com	KEEP	US	Army Times	
columbian.com	KEEP	US	The Columbian	
kvue.com	KEEP	US	KVUE	
fresnobee.com	KEEP	US	The Fresno Bee	
toledoblade.com	KEEP	US	The Blade	
wbtv.com	KEEP	US	WBTV	
sfweekly.com	KEEP	US	SF Weekly	
wbez.org	KEEP	US	WBEZ	
idahostatesman.com	KEEP	US	Idaho Statesman	
kcrg.com	KEEP	US	KCRG	
dailypress.com	KEEP	US	Daily Press	
naplesnews.com	KEEP	US	Naples Daily News	
nysun.com	KEEP	US	The New York Sun	
jns.org	KEEP	US	Jewish News Syndicate	
westernjournal.com	KEEP	US	The Western Journal	
publicintegrity.org	KEEP	US	Center for Public Integrity	
thefp.com	KEEP	US	The Free Press	
laopinion.com	KEEP	US	La Opinión	
dickinson.edu	DROP	US	Dickinson College	other
khn.org	KEEP	US	KFF Health News	
chalkbeat.org	KEEP	US	Chalkbeat	
dailycamera.com	KEEP	US	Daily Camera	
commons.trincoll.edu	DROP	US	Trinity College Commons	other
journalstar.com	KEEP	US	Lincoln Journal Star	
thefader.com	DROP	US	The Fader	notnews
studyfinds.org	DROP	US	StudyFinds	notnews
fair.org	DROP	US	Fairness and Accuracy in Reporting	other
out.com	DROP	US	Out	notnews
themarshallproject.org	KEEP	US	The Marshall Project	
morningbrew.com	KEEP	US	Morning Brew	
news-journalonline.com	KEEP	US	The Daytona Beach News-Journal	
abc27.com	KEEP	US	WHTM-TV	
sandiegoreader.com	KEEP	US	San Diego Reader	
wdrb.com	KEEP	US	WDRB News	
pulitzercenter.org	DROP	US	Pulitzer Center	other
kptv.com	KEEP	US	Fox 12 Oregon	
houstonpress.com	KEEP	US	Houston Press	
fox29.com	KEEP	US	FOX29 Philly	
news-press.com	KEEP	US	Fort Myers News-Press	
thegrio.com	KEEP	US	TheGrio	
shawlocal.com	KEEP	US	Shaw Local News Network	
thegazette.com	KEEP	US	Cedar Rapids Gazette	
lehighvalleylive.com	KEEP	US	The Express-Times	
santafenewmexican.com	KEEP	US	Santa Fe New Mexican	
nationaljournal.com	KEEP	US	National Journal	
eurasianet.org	KEEP	US	EurasiaNet	
justthenews.com	KEEP	US	Just the News	
independent.com	KEEP	US	Santa Barbara Independent	
billingsgazette.com	KEEP	US	Billings Gazette	
electronicintifada.net	KEEP	US	The Electronic Intifada	
hechingerreport.org	KEEP	US	The Hechinger Report	
ljworld.com	KEEP	US	Lawrence Journal-World	
www2.ljworld.com	DROP	US	Lawrence Journal-World	other
thebulwark.com	KEEP	US	The Bulwark	
thedenverchannel.com	KEEP	US	Denver7	
elpasotimes.com	KEEP	US	El Paso Times	
abc3340.com	KEEP	US	ABC 33/40 News	
zenit.org	DROP	US	Zenit News Agency	nonukus
cjonline.com	KEEP	US	The Topeka Capital-Journal	
archpaper.com	KEEP	US	The Architect's Newspaper	
ketv.com	KEEP	US	KETV NewsWatch 7	
fatherly.com	DROP	US	Fatherly	notnews
dailybreeze.com	KEEP	US	Daily Breeze	
theledger.com	KEEP	US	The Ledger	
roanoke.com	KEEP	US	The Roanoke Times	
citizen-times.com	KEEP	US	Asheville Citizen-Times	
news3lv.com	KEEP	US	KSNV News 3	
wgrz.com	KEEP	US	WGRZ	
techmeme.com	DROP	US	Techmeme	aggregator
stateline.org	KEEP	US	Stateline	
kcur.org	KEEP	US	KCUR	
tcpalm.com	KEEP	US	TCPalm	
nhregister.com	KEEP	US	New Haven Register	
statesmanjournal.com	KEEP	US	Statesman Journal	
19thnews.org	KEEP	US	The 19th	
navytimes.com	KEEP	US	Navy Times	
pjstar.com	KEEP	US	Journal Star	
floridapolitics.com	KEEP	US	Florida Politics	
notthebee.com	DROP	US	Not the Bee	notnews
seacoastonline.com	KEEP	US	Seacoastonline	
dnainfo.com	DROP	US	DNAinfo	defunct
news-leader.com	KEEP	US	Springfield News-Leader	
savannahnow.com	KEEP	US	Savannah Morning News	
torquenews.com	DROP	US	Torque News	notnews
gainesville.com	KEEP	US	Gainesville Sun	
primerahora.com	KEEP	US	Primera Hora	
lansingstatejournal.com	KEEP	US	Lansing State Journal	
marinij.com	KEEP	US	Marin Independent Journal	
uplift.com	DROP	US	Uplift	other
journalnow.com	KEEP	US	Winston-Salem Journal	
santacruzsentinel.com	KEEP	US	Santa Cruz Sentinel	
access.newspaperarchive.com	DROP	US	NewspaperArchive	aggregator
wkyt.com	KEEP	US	WKYT	
khon2.com	KEEP	US	KHON2 News	
drf.com	KEEP	US	Daily Racing Form	
blockclubchicago.org	KEEP	US	Block Club Chicago	
yaledailynews.com	KEEP	US	Yale Daily News	
greenvilleonline.com	KEEP	US	Greenville News	
katv.com	KEEP	US	KATV News	
pressofatlanticcity.com	KEEP	US	The Press of Atlantic City	
defector.com	KEEP	US	Defector	
trib.com	KEEP	US	Casper Star-Tribune	
pnj.com	KEEP	US	Pensacola News Journal	
texasobserver.org	KEEP	US	Texas Observer	
registerguard.com	KEEP	US	The Register-Guard	
gpb.org	KEEP	US	Georgia Public Broadcasting	
vcstar.com	KEEP	US	Ventura County Star	
wave3.com	KEEP	US	WAVE	
eu.beaconjournal.com	DROP	US	Akron Beacon Journal	other
beaconjournal.com	KEEP	US	Akron Beacon Journal	
cowboystatedaily.com	KEEP	US	Cowboy State Daily	
sunjournal.com	KEEP	US	Sun Journal	
themarkup.org	KEEP	US	The Markup	
alaskasnewssource.com	KEEP	US	Alaska's News Source	
montgomeryadvertiser.com	KEEP	US	Montgomery Advertiser	
metro.newschannelnebraska.com	KEEP	US	News Channel Nebraska	
presstelegram.com	KEEP	US	Press-Telegram	
tnebc.nwaonline.com	DROP	US	Times of Northeast Benton County	defunct
nwaonline.com	KEEP	US	Northwest Arkansas Democrat-Gazette	
concordmonitor.com	KEEP	US	Concord Monitor	
bakersfield.com	KEEP	US	Bakersfield Californian	
wowt.com	KEEP	US	6 News WOWT	
sj-r.com	KEEP	US	The State Journal-Register	
nhpr.org	KEEP	US	New Hampshire Public Radio	
seattleweekly.com	DROP	US	Seattle Weekly	defunct
andscape.com	KEEP	US	Andscape	
cbs17.com	KEEP	US	CBS 17	
argusleader.com	KEEP	US	Sioux Falls Argus Leader	
vtdigger.org	KEEP	US	VTDigger	
sunherald.com	KEEP	US	Sun Herald	
dailycal.org	KEEP	US	The Daily Californian	
businessinsider.es	DROP	US	Business Insider Espana	nonukus
sbsun.com	KEEP	US	The San Bernardino Sun	
pe.com	KEEP	US	Riverside Press-Enterprise	
whas11.com	KEEP	US	WHAS11 News	
washingtonblade.com	KEEP	US	Washington Blade	
burlingtonfreepress.com	KEEP	US	Burlington Free Press	
wabe.org	KEEP	US	WABE News	
okayplayer.com	DROP	US	Okayplayer	notnews
starnewsonline.com	KEEP	US	Star-News	
missoulian.com	KEEP	US	Missoulian	
onlineathens.com	KEEP	US	Athens Banner-Herald	
southbendtribune.com	KEEP	US	South Bend Tribune	
civilbeat.org	KEEP	US	Honolulu Civil Beat	
oann.com	KEEP	US	OAN	
sacurrent.com	KEEP	US	San Antonio Current	
coloradoan.com	KEEP	US	Coloradoan	
sanluisobispo.com	KEEP	US	San Luis Obispo Tribune	
cantonrep.com	KEEP	US	The Repository	
greenbaypressgazette.com	KEEP	US	Green Bay Press-Gazette	
ainonline.com	KEEP	US	Aviation International News	
alaskapublic.org	KEEP	US	Alaska Public Media	
duluthnewstribune.com	KEEP	US	Duluth News Tribune	
link.galegroup.com	DROP	US	Gale	aggregator
infotrac.galegroup.com	DROP	US	Gale InfoTrac	aggregator
stamfordadvocate.com	KEEP	US	Stamford Advocate	
cityandstateny.com	KEEP	US	City & State New York	
powerlineblog.com	DROP	US	Power Line	other
edsource.org	KEEP	US	EdSource	
qctimes.com	KEEP	US	Quad-City Times	
0-www.lexisnexis.com.emu.londonmet.ac.uk	DROP	US	LexisNexis	aggregator
wvgazettemail.com	KEEP	US	Charleston Gazette-Mail	
sevendaysvt.com	KEEP	US	Seven Days	
accesswire.com	DROP	US	ACCESSWIRE	wire
thebaffler.com	KEEP	US	The Baffler	
kut.org	KEEP	US	KUT	
southcoasttoday.com	KEEP	US	The Standard-Times	
centralmaine.com	KEEP	US	Kennebec Journal	
lubbockonline.com	KEEP	US	Lubbock Avalanche-Journal	
recordonline.com	KEEP	US	Times Herald-Record	
goerie.com	KEEP	US	Erie Times-News	
metro.us	KEEP	US	Metro New York	
mycentraljersey.com	KEEP	US	The Courier-News	
tpr.org	KEEP	US	Texas Public Radio	
phillyburbs.com	KEEP	US	Bucks County Courier Times	
eastbayexpress.com	DROP	US	East Bay Express	defunct
fayobserver.com	KEEP	US	The Fayetteville Observer	
chinadigitaltimes.net	KEEP	US	China Digital Times	
newstimes.com	KEEP	US	The News-Times	
algemeiner.com	KEEP	US	Algemeiner Journal	
elnuevoherald.com	KEEP	US	El Nuevo Herald	
13wmaz.com	KEEP	US	13WMAZ News	
creators.com	DROP	US	Creators Syndicate	wire
capecodtimes.com	KEEP	US	Cape Cod Times	
the74million.org	KEEP	US	The 74	
airforcetimes.com	KEEP	US	Air Force Times	
pasadenastarnews.com	KEEP	US	Pasadena Star-News	
ctmirror.org	KEEP	US	Connecticut Mirror	
courierpostonline.com	KEEP	US	Courier-Post	
miami.com	DROP	US	Miami.com	notnews
tmn.truman.edu	KEEP	US	Truman Media Network	
wbrc.com	KEEP	US	WBRC FOX6 News	
grandforksherald.com	KEEP	US	Grand Forks Herald	
aerotime.aero	DROP	US	AeroTime	nonukus
ksn.com	KEEP	US	KSN News	
durangoherald.com	KEEP	US	The Durango Herald	
quill.org	DROP	US	Quill.org	other
tuscaloosanews.com	KEEP	US	Tuscaloosa News	
modbee.com	KEEP	US	The Modesto Bee	
epochtimes.de	DROP	US	Epoch Times Deutschland	nonukus
michigandaily.com	KEEP	US	The Michigan Daily	
dailyprogress.com	KEEP	US	The Daily Progress	
thecity.nyc	KEEP	US	The City	
puck.news	KEEP	US	Puck	
bendbulletin.com	KEEP	US	The Bulletin	
capradio.org	KEEP	US	CapRadio	
pantagraph.com	KEEP	US	The Pantagraph	
revealnews.org	KEEP	US	Reveal	
thedispatch.com	KEEP	US	The Dispatch	
ydr.com	KEEP	US	York Daily Record	
shreveporttimes.com	KEEP	US	Shreveport Times	
augustachronicle.com	KEEP	US	Augusta Chronicle	
bradenton.com	KEEP	US	Bradenton Herald	
wonkette.com	DROP	US	Wonkette	other
unco.edu	DROP	US	University of Northern Colorado	other
berkshireeagle.com	KEEP	US	Berkshire Eagle	
nextcity.org	KEEP	US	Next City	
kitv.com	KEEP	US	KITV4	
wvnews.com	KEEP	US	Exponent Telegram	
theday.com	KEEP	US	The Day	
kitsapsun.com	KEEP	US	Kitsap Sun	
heraldextra.com	KEEP	US	Provo Daily Herald	
therealnews.com	KEEP	US	The Real News Network	
caller.com	KEEP	US	Corpus Christi Caller-Times	
thenevadaindependent.com	KEEP	US	The Nevada Independent	
humanevents.com	KEEP	US	Human Events	
thebanner.com	DROP	US	The Banner	other
bismarcktribune.com	KEEP	US	The Bismarck Tribune	
theolympian.com	KEEP	US	The Olympian	
timesleader.com	KEEP	US	Times Leader	
capitalgazette.com	KEEP	US	The Capital	
businessinsider.nl	DROP	US	Business Insider Nederland	nonukus
columbiatribune.com	KEEP	US	Columbia Daily Tribune	
tri-cityherald.com	KEEP	US	Tri-City Herald	
sgvtribune.com	KEEP	US	San Gabriel Valley Tribune	
lcsun-news.com	KEEP	US	Las Cruces Sun-News	
dailybulletin.com	KEEP	US	Inland Valley Daily Bulletin	
aquinas.scranton.edu	KEEP	US	The Aquinas	
fredericksburg.com	KEEP	US	The Free Lance-Star	
arktimes.com	KEEP	US	Arkansas Times	
paloaltoonline.com	KEEP	US	Palo Alto Weekly	
redding.com	KEEP	US	Redding Record Searchlight	
courierpress.com	KEEP	US	Evansville Courier & Press	
rapidcityjournal.com	KEEP	US	Rapid City Journal	
kark.com	KEEP	US	KARK 4 News	
observer-reporter.com	KEEP	US	Observer-Reporter	
poughkeepsiejournal.com	KEEP	US	Poughkeepsie Journal	
centredaily.com	KEEP	US	Centre Daily Times	
patriotledger.com	KEEP	US	The Patriot Ledger	
aspentimes.com	KEEP	US	Aspen Times	
kvia.com	KEEP	US	KVIA	
portlandmercury.com	KEEP	US	Portland Mercury	
heraldonline.com	KEEP	US	The Herald	
palestinechronicle.com	KEEP	US	The Palestine Chronicle	
lex18.com	KEEP	US	LEX 18 News	
macon.com	KEEP	US	The Macon Telegraph	
guampdn.com	KEEP	US	Pacific Daily News	
nashvillescene.com	KEEP	US	Nashville Scene	
sherwood.news	KEEP	US	Sherwood News	
thetimes-tribune.com	KEEP	US	The Times-Tribune	
bozemandailychronicle.com	KEEP	US	Bozeman Daily Chronicle	
napavalleyregister.com	KEEP	US	Napa Valley Register	
labusinessjournal.com	KEEP	US	Los Angeles Business Journal	
postbulletin.com	KEEP	US	Post-Bulletin	
ocala.com	KEEP	US	Star-Banner	
platformer.news	KEEP	US	Platformer	
columbiamissourian.com	KEEP	US	Columbia Missourian	
salisburypost.com	KEEP	US	Salisbury Post	
manufacturing.net	KEEP	US	Manufacturing.net	
rrstar.com	KEEP	US	Rockford Register Star	
bnd.com	KEEP	US	Belleville News-Democrat	
gazettenet.com	KEEP	US	Daily Hampshire Gazette	
kvoa.com	KEEP	US	KVOA News 4	
news-herald.com	KEEP	US	The News-Herald	
indyweek.com	KEEP	US	Indy Week	
wtoc.com	KEEP	US	WTOC	
thv11.com	KEEP	US	THV 11	
fosters.com	KEEP	US	Foster's Daily Democrat	
wrdw.com	KEEP	US	WRDW News 12	
citypages.com	DROP	US	City Pages	defunct
siouxcityjournal.com	KEEP	US	Sioux City Journal	
mississippitoday.org	KEEP	US	Mississippi Today	
bellinghamherald.com	KEEP	US	Bellingham Herald	
recordnet.com	KEEP	US	The Stockton Record	
helenair.com	KEEP	US	Independent Record	
therepublic.com	KEEP	US	The Republic	
ocweekly.com	DROP	US	OC Weekly	defunct
wnyt.com	KEEP	US	WNYT NewsChannel 13	
jconline.com	KEEP	US	Lafayette Journal & Courier	
greenwichtime.com	KEEP	US	Greenwich Time	
longislandpress.com	KEEP	US	Long Island Press	
dnyuz.com	DROP	US	Dnyuz	aggregator
delcotimes.com	KEEP	US	Delaware County Daily Times	
standard.net	KEEP	US	Standard-Examiner	
lacrossetribune.com	KEEP	US	LaCrosse Tribune	
postcrescent.com	KEEP	US	The Post-Crescent	
wyomingnews.com	KEEP	US	Laramie Boomerang	
accent.southern.edu	KEEP	US	The Southern Accent	
metrowestdailynews.com	KEEP	US	MetroWest Daily News	
juneauempire.com	KEEP	US	Juneau Empire	
pressconnects.com	KEEP	US	Press & Sun-Bulletin	
theadvertiser.com	KEEP	US	Lafayette Daily Advertiser	
kake.com	KEEP	US	KAKE News	
qns.com	KEEP	US	QNS	
gpa.eastview.com	DROP	US	East View Global Press Archive	aggregator
goupstate.com	KEEP	US	Spartanburg Herald-Journal	
wsav.com	KEEP	US	WSAV News 3	
peninsuladailynews.com	KEEP	US	Peninsula Daily News	
sctimes.com	KEEP	US	St. Cloud Times	
dailyrecord.com	KEEP	US	Daily Record	
marinecorpstimes.com	KEEP	US	Marine Corps Times	
thetrace.org	KEEP	US	The Trace	
noozhawk.com	KEEP	US	Noozhawk	
ctpublic.org	KEEP	US	Connecticut Public	
times-standard.com	KEEP	US	Times-Standard	
indybay.org	DROP	US	Indybay	other
gazettextra.com	KEEP	US	Janesville Gazette	
greatfallstribune.com	KEEP	US	Great Falls Tribune	
islandpacket.com	KEEP	US	The Island Packet	
yakimaherald.com	KEEP	US	Yakima Herald-Republic	
fredericknewspost.com	KEEP	US	Frederick News-Post	
cookpolitical.com	KEEP	US	Cook Political Report	
wacotrib.com	KEEP	US	Waco Tribune-Herald	
vnews.com	KEEP	US	Valley News	
myrtlebeachonline.com	KEEP	US	Sun News	
eldiariony.com	KEEP	US	El Diario La Prensa	
wcfcourier.com	KEEP	US	Waterloo-Cedar Falls Courier	
thedp.com	KEEP	US	The Daily Pennsylvanian	
missionlocal.org	KEEP	US	Mission Local	
walb.com	KEEP	US	WALB News 10	
punchbowl.news	KEEP	US	Punchbowl News	
technical.ly	KEEP	US	Technical.ly	
littlegreenfootballs.com	DROP	US	Little Green Footballs	other
citybiz.co	DROP	US	citybiz	other
chicoer.com	KEEP	US	Chico Enterprise-Record	
clubs.lasalle.edu	DROP	US	La Salle University Clubs	other
poconorecord.com	KEEP	US	Pocono Record	
staugustine.com	KEEP	US	The St. Augustine Record	
beaumontenterprise.com	KEEP	US	Beaumont Enterprise	
citybeat.com	KEEP	US	Cincinnati CityBeat	
unicornriot.ninja	KEEP	US	Unicorn Riot	
delmarvanow.com	KEEP	US	Delmarva Daily Times	
campbell.edu	DROP	US	Campbell University	other
azdailysun.com	KEEP	US	Arizona Daily Sun	
lasvegasweekly.com	KEEP	US	Las Vegas Weekly	
proquest.umi.com	DROP	US	ProQuest	aggregator
thetelegraph.com	KEEP	US	The Alton Telegraph	
diariolasamericas.com	KEEP	US	Diario Las Américas	
rewirenewsgroup.com	KEEP	US	Rewire News Group	
columbiaspectator.com	KEEP	US	Columbia Daily Spectator	
thedailyrecord.com	KEEP	US	The Daily Record	
journaltimes.com	KEEP	US	Journal Times	
digitalcollections.crl.edu	DROP	US	Center for Research Libraries	aggregator
dds.crl.edu	DROP	US	Center for Research Libraries	aggregator
dailyfreeman.com	KEEP	US	Daily Freeman	
mauinow.com	KEEP	US	Maui Now	
citizen.com	DROP	US	Citizen	notnews
hollandsentinel.com	KEEP	US	The Holland Sentinel	
missouriindependent.com	KEEP	US	Missouri Independent	
heraldmailmedia.com	KEEP	US	Herald-Mail Media	
citizensvoice.com	KEEP	US	Citizens Voice	
timesonline.com	KEEP	US	The Beaver County Times	
kait8.com	KEEP	US	KAIT	
herald-dispatch.com	KEEP	US	The Herald-Dispatch	
uticaod.com	KEEP	US	Observer-Dispatch	
ledger-enquirer.com	KEEP	US	Ledger-Enquirer	
tamuk.edu	DROP	US	Texas A&M University-Kingsville	other
vindy.com	KEEP	US	The Vindicator	
chieftain.com	KEEP	US	The Pueblo Chieftain	
vaildaily.com	KEEP	US	Vail Daily	
galvnews.com	KEEP	US	Galveston County Daily News	
idahostatejournal.com	KEEP	US	Idaho State Journal	
mdjonline.com	KEEP	US	Marietta Daily Journal	
rutlandherald.com	KEEP	US	Rutland Herald	
pressenterprise.com	KEEP	US	The Press-Enterprise	
macombdaily.com	KEEP	US	The Macomb Daily	
heraldnews.com	KEEP	US	The Fall River Herald News	
amarillo.com	KEEP	US	Amarillo Globe-News	
newslibrary.infi.net	DROP	US	NewsLibrary	aggregator
brooklyneagle.com	KEEP	US	Brooklyn Eagle	
cisweb.lexis-nexis.com	DROP	US	LexisNexis	aggregator
iowapublicradio.org	KEEP	US	Iowa Public Radio	
lmtonline.com	KEEP	US	Laredo Morning Times	
norwichbulletin.com	KEEP	US	The Norwich Bulletin	
news-journal.com	KEEP	US	Longview News-Journal	
nwfdailynews.com	KEEP	US	Northwest Florida Daily News	
voiceofsandiego.org	KEEP	US	Voice of San Diego	
cdapress.com	KEEP	US	Coeur d'Alene Press	
gjsentinel.com	KEEP	US	The Daily Sentinel	
wjbf.com	KEEP	US	WJBF	
poststar.com	KEEP	US	The Post-Star	
jewishcurrents.org	KEEP	US	Jewish Currents	
mrt.com	KEEP	US	Midland Reporter-Telegram	
dailynorthwestern.com	KEEP	US	The Daily Northwestern	
rockymountainnews.com	DROP	US	Rocky Mountain News	defunct
cornellsun.com	KEEP	US	The Cornell Daily Sun	
vermontpublic.org	KEEP	US	Vermont Public	
phillytrib.com	KEEP	US	Philadelphia Tribune	
newsherald.com	KEEP	US	Panama City News-Herald	
newstribune.com	KEEP	US	Jefferson City News Tribune	
kdhnews.com	KEEP	US	Killeen Daily Herald	
jweekly.com	KEEP	US	J. The Jewish News of Northern California	
mvtimes.com	KEEP	US	MV Times	
guardianlv.com	DROP	US	Guardian Liberty Voice	notnews
marylandmatters.org	KEEP	US	Maryland Matters	
citylimits.org	KEEP	US	City Limits	
press.lvcva.com	DROP	US	Las Vegas News Bureau	other
springfieldnewssun.com	KEEP	US	Springfield News-Sun	
lmtribune.com	KEEP	US	Lewiston Tribune	
baltimoremagazine.com	DROP	US	Baltimore Magazine	notnews
azmirror.com	KEEP	US	The Arizona Mirror	
aftermath.site	DROP	US	Aftermath	notnews
vvdailypress.com	KEEP	US	Victorville Daily Press	
whittierdailynews.com	KEEP	US	Whittier Daily News	
wtvm.com	KEEP	US	WTVM News Leader 9	
brooklynpaper.com	KEEP	US	Brooklyn Paper	
summitdaily.com	KEEP	US	Summit Daily News	
komu.com	KEEP	US	KOMU	
thehour.com	KEEP	US	The Hour	
timesargus.com	KEEP	US	Barre Montpelier Times Argus	
stlpublicradio.org	KEEP	US	St. Louis Public Radio	
herald-review.com	KEEP	US	Herald & Review	
press-citizen.com	KEEP	US	Iowa City Press-Citizen	
crosscut.com	DROP	US	Crosscut	defunct
fairobserver.com	KEEP	US	Fair Observer	
syndication.andrewsmcmeel.com	DROP	US	Andrews McMeel Syndication	wire
www2.timesdispatch.com	DROP	US	Richmond Times-Dispatch	other
auburnpub.com	KEEP	US	The Citizen	
joplinglobe.com	KEEP	US	Joplin Globe	
cnetfrance.fr	DROP	US	CNET France	nonukus
thespectrum.com	KEEP	US	The Spectrum	
thenewsstar.com	KEEP	US	Monroe News-Star	
eastvalleytribune.com	KEEP	US	East Valley Tribune	
kpcc.org	DROP	US	KPCC	defunct
newsleader.com	KEEP	US	The News Leader	
thechurchnews.com	KEEP	US	Church News	
palmbeachdailynews.com	KEEP	US	Palm Beach Daily News	
reporternews.com	KEEP	US	Abilene Reporter-News	
catholicnews.com	KEEP	US	OSV News	
afro.com	KEEP	US	Baltimore Afro-American	
gwinnettdailypost.com	KEEP	US	Gwinnett Daily Post	
freethink.com	DROP	US	Freethink	notnews
smdailyjournal.com	KEEP	US	San Mateo Daily Journal	
dailyillini.com	KEEP	US	The Daily Illini	
heraldtimesonline.com	KEEP	US	The Herald-Times	
laprogressive.com	KEEP	US	LA Progressive	
visaliatimesdelta.com	KEEP	US	Visalia Times-Delta	
amsterdamnews.com	KEEP	US	Amsterdam News	
thestarpress.com	KEEP	US	The Star Press	
portlandtribune.com	KEEP	US	Portland Tribune	
billypenn.com	KEEP	US	Billy Penn	
dailyorange.com	KEEP	US	The Daily Orange	
record-eagle.com	KEEP	US	Traverse City Record-Eagle	
mtstandard.com	KEEP	US	The Montana Standard	
blueridgenow.com	KEEP	US	Hendersonville Times-News	
dronedj.com	KEEP	US	Drone DJ	
newsminer.com	KEEP	US	Fairbanks Daily News-Miner	
thebaltimorebanner.com	KEEP	US	The Baltimore Banner	
vineyardgazette.com	KEEP	US	Vineyard Gazette	
centerforpolitics.org	DROP	US	UVA Center for Politics	other
chronicle.augusta.com	DROP	US	The Augusta Chronicle	other
kenoshanews.com	KEEP	US	Kenosha News	
enterprisenews.com	KEEP	US	The Enterprise	
3newsnow.com	KEEP	US	KMTV 3 News Now	
liherald.com	KEEP	US	Long Island Herald	
mndaily.com	KEEP	US	Minnesota Daily	
mansfieldnewsjournal.com	KEEP	US	Mansfield News Journal	
dailyinterlake.com	KEEP	US	Daily Inter Lake	
hometownlife.com	KEEP	US	Hometown Life	
browardpalmbeach.com	DROP	US	New Times Broward-Palm Beach	defunct
mauinews.com	KEEP	US	The Maui News	
yourvalley.net	KEEP	US	Your Valley	
lbpost.com	KEEP	US	Long Beach Post	
altoonamirror.com	KEEP	US	Altoona Mirror	
denverite.com	KEEP	US	Denverite	
newsandsentinel.com	KEEP	US	The Parkersburg News and Sentinel	
12newsnow.com	KEEP	US	12 News Now	
floridaphoenix.com	KEEP	US	Florida Phoenix	
tucsonsentinel.com	KEEP	US	Tucson Sentinel	
labornotes.org	KEEP	US	Labor Notes	
houmatoday.com	KEEP	US	Houma Today	
tylerpaper.com	KEEP	US	Tyler Morning Telegraph	
bgdailynews.com	KEEP	US	Bowling Green Daily News	
hawaiitribune-herald.com	KEEP	US	Hawaii Tribune-Herald	
atlanta.capitalbnews.org	KEEP	US	Capital B Atlanta	
sanangelolive.com	KEEP	US	San Angelo Live	
newsadvance.com	KEEP	US	The News & Advance	
tribstar.com	KEEP	US	Tribune-Star	
tucsonweekly.com	KEEP	US	Tucson Weekly	
newspressnow.com	KEEP	US	St. Joseph News-Press	
nny360.com	KEEP	US	Watertown Daily Times	
tdn.com	KEEP	US	Longview Daily News	
windowsitpro.com	KEEP	US	Windows IT Pro	
telegraphherald.com	KEEP	US	Telegraph Herald	
timesdaily.com	KEEP	US	Times Daily	
insidebayarea.com	DROP	US	Inside Bay Area	defunct
resolver.lrc.macewan.ca	DROP	US	MacEwan University Library	aggregator
resolver.macewan.ca	DROP	US	MacEwan University Library	aggregator
stargazette.com	KEEP	US	Star-Gazette	
recorder.com	KEEP	US	Greenfield Recorder	
theappeal.org	KEEP	US	The Appeal	
dentonrc.com	KEEP	US	Denton Record-Chronicle	
thesunchronicle.com	KEEP	US	The Sun Chronicle	
themorningnews.org	DROP	US	The Morning News	notnews
dailydemocrat.com	KEEP	US	Daily Democrat	
timescall.com	KEEP	US	Longmont Times-Call	
trentonian.com	KEEP	US	The Trentonian	
hawaiipublicradio.org	KEEP	US	Hawaii Public Radio	
gastongazette.com	KEEP	US	Gaston Gazette	
azcapitoltimes.com	KEEP	US	Arizona Capitol Times	
global.factiva.com	DROP	US	Factiva	aggregator
semissourian.com	KEEP	US	Southeast Missourian	
nyunews.com	KEEP	US	Washington Square News	
mercedsunstar.com	KEEP	US	Merced Sun-Star	
newsreview.com	KEEP	US	News & Review	
chronline.com	KEEP	US	The Chronicle	
wenatcheeworld.com	KEEP	US	The Wenatchee World	
valdostadailytimes.com	KEEP	US	Valdosta Daily Times	
newarkadvocate.com	KEEP	US	The Newark Advocate	
timesnews.net	KEEP	US	Kingsport Times-News	
thereporter.com	KEEP	US	The Reporter	
theintelligencer.net	KEEP	US	The Intelligencer & Wheeling News Register	
jhnewsandguide.com	KEEP	US	Jackson Hole News&Guide	
dailyjournal.net	KEEP	US	Daily Journal	
swtimes.com	KEEP	US	Southwest Times Record	
libn.com	KEEP	US	Long Island Business News	
apmreports.org	KEEP	US	APM Reports	
metroactive.com	KEEP	US	Metro Silicon Valley	
heraldsun.com	KEEP	US	The Herald-Sun	
timesrecordnews.com	KEEP	US	Times Record News	
ens-newswire.com	KEEP	US	Environment News Service	
idsnews.com	KEEP	US	Indiana Daily Student	
fonts.gstatic.com	DROP	UK	Google Fonts	other
theguardian.com	KEEP	UK	The Guardian	
bbc.com	KEEP	UK	BBC News	
bbc.co.uk	KEEP	UK	BBC News	
ft.com	KEEP	UK	Financial Times	
telegraph.co.uk	KEEP	UK	The Telegraph	
dailymail.co.uk	KEEP	UK	Daily Mail	
independent.co.uk	KEEP	UK	The Independent	
theconversation.com	KEEP	UK	The Conversation	
goal.com	KEEP	UK	Goal	
tcs.cam.ac.uk	KEEP	UK	The Cambridge Student	
skysports.com	KEEP	UK	Sky Sports	
economist.com	KEEP	UK	The Economist	
news.sky.com	KEEP	UK	Sky News	
thesun.co.uk	KEEP	UK	The Sun	
mirror.co.uk	KEEP	UK	Daily Mirror	
express.co.uk	KEEP	UK	Daily Express	
itv.com	KEEP	UK	ITV News	
newscientist.com	KEEP	UK	New Scientist	
thetimes.co.uk	KEEP	UK	The Times	
metro.co.uk	KEEP	UK	Metro	
thetimes.com	KEEP	UK	The Times	
politico.eu	DROP	UK	Politico Europe	nonukus
standard.co.uk	KEEP	UK	The Standard	
channel4.com	KEEP	UK	Channel 4 News	
huffingtonpost.co.uk	KEEP	UK	HuffPost UK	
gbnews.com	KEEP	UK	GB News	
scotsman.com	KEEP	UK	The Scotsman	
nme.com	DROP	UK	NME	notnews
manchestereveningnews.co.uk	KEEP	UK	Manchester Evening News	
walesonline.co.uk	KEEP	UK	Wales Online	
theweek.com	KEEP	UK	The Week	
inews.co.uk	KEEP	UK	The i Paper	
dailystar.co.uk	KEEP	UK	Daily Star	
newstatesman.com	KEEP	UK	New Statesman	
liverpoolecho.co.uk	KEEP	UK	Liverpool Echo	
radiotimes.com	DROP	UK	Radio Times	notnews
dailyrecord.co.uk	KEEP	UK	Daily Record	
simpleflying.com	DROP	UK	Simple Flying	notnews
talksport.com	KEEP	UK	talkSPORT	
opendemocracy.net	KEEP	UK	openDemocracy	
the-independent.com	KEEP	UK	The Independent	
spectator.co.uk	KEEP	UK	The Spectator	
heraldscotland.com	KEEP	UK	The Herald	
digitalspy.com	DROP	UK	Digital Spy	notnews
cityam.com	KEEP	UK	City A.M.	
belfasttelegraph.co.uk	KEEP	UK	Belfast Telegraph	
football365.com	KEEP	UK	Football365	
tes.com	KEEP	UK	Tes	
birminghammail.co.uk	KEEP	UK	Birmingham Mail	
lrb.co.uk	DROP	UK	London Review of Books	notnews
ladbible.com	DROP	UK	LADbible	notnews
chroniclelive.co.uk	KEEP	UK	Chronicle Live	
thescottishsun.co.uk	KEEP	UK	Scottish Sun	
bristolpost.co.uk	KEEP	UK	Bristol Live	
flightglobal.com	KEEP	UK	Flight Global	
lbc.co.uk	KEEP	UK	LBC	
yorkshirepost.co.uk	KEEP	UK	The Yorkshire Post	
givemesport.com	KEEP	UK	GiveMeSport	
irishnews.com	KEEP	UK	The Irish News	
thepinknews.com	KEEP	UK	PinkNews	
bellingcat.com	KEEP	UK	Bellingcat	
unherd.com	KEEP	UK	UnHerd	
expressandstar.com	KEEP	UK	Express & Star	
thenational.scot	KEEP	UK	The National	
newarab.com	KEEP	UK	The New Arab	
thetab.com	KEEP	UK	The Tab	
unilad.com	DROP	UK	UNILAD	notnews
indy100.com	KEEP	UK	indy100	
kentonline.co.uk	KEEP	UK	KentOnline	
edp24.co.uk	KEEP	UK	Eastern Daily Press	
coventrytelegraph.net	KEEP	UK	Coventry Live	
devonlive.com	KEEP	UK	Devon Live	
theargus.co.uk	KEEP	UK	The Argus	
oxfordmail.co.uk	KEEP	UK	Oxford Mail	
thenorthernecho.co.uk	KEEP	UK	The Northern Echo	
alaraby.co.uk	KEEP	UK	Al-Araby Al-Jadeed	
britishnewspaperarchive.co.uk	DROP	UK	British Newspaper Archive	aggregator
mylondon.news	KEEP	UK	MyLondon	
thestar.co.uk	KEEP	UK	The Star (Sheffield)	
thejc.com	KEEP	UK	The Jewish Chronicle	
nottinghampost.com	KEEP	UK	Nottinghamshire Live	
dailyecho.co.uk	KEEP	UK	Southern Daily Echo	
thecourier.co.uk	KEEP	UK	The Courier	
leicestermercury.co.uk	KEEP	UK	Leicestershire Live	
stokesentinel.co.uk	KEEP	UK	Stoke-on-Trent Live	
bournemouthecho.co.uk	KEEP	UK	Bournemouth Echo	
belfastlive.co.uk	KEEP	UK	Belfast Live	
lancashiretelegraph.co.uk	KEEP	UK	Lancashire Telegraph	
thetelegraphandargus.co.uk	KEEP	UK	Telegraph & Argus	
portsmouth.co.uk	KEEP	UK	The News (Portsmouth)	
yorkpress.co.uk	KEEP	UK	The York Press	
glasgowtimes.co.uk	KEEP	UK	Glasgow Times	
pressandjournal.co.uk	KEEP	UK	The Press and Journal	
thegazette.co.uk	DROP	UK	The London Gazette	other
prospectmagazine.co.uk	KEEP	UK	Prospect	
cornwalllive.com	KEEP	UK	Cornwall Live	
hulldailymail.co.uk	KEEP	UK	Hull Live	
cambridge-news.co.uk	KEEP	UK	Cambridgeshire Live	
gloucestershirelive.co.uk	KEEP	UK	Gloucestershire Live	
gazettelive.co.uk	KEEP	UK	Teesside Live	
ftchinese.com	DROP	UK	FT Chinese	nonukus
plymouthherald.co.uk	KEEP	UK	Plymouth Live	
examinerlive.co.uk	KEEP	UK	Examiner Live	
alquds.co.uk	KEEP	UK	Al-Quds Al-Arabi	
derbytelegraph.co.uk	KEEP	UK	Derby Telegraph	
90min.com	KEEP	UK	90min	
lawgazette.co.uk	KEEP	UK	The Law Society Gazette	
bigissue.com	KEEP	UK	The Big Issue	
echo-news.co.uk	KEEP	UK	Echo (Essex)	
worcesternews.co.uk	KEEP	UK	Worcester News	
christiantoday.com	KEEP	UK	Christian Today	
swindonadvertiser.co.uk	KEEP	UK	Swindon Advertiser	
quillette.com	DROP	UK	Quillette	nonukus
dorsetecho.co.uk	KEEP	UK	Dorset Echo	
somersetlive.co.uk	KEEP	UK	Somerset Live	
kentlive.news	KEEP	UK	Kent Live	
mailonsunday.co.uk	KEEP	UK	The Mail on Sunday	
morningstaronline.co.uk	KEEP	UK	Morning Star	
irishstar.com	KEEP	UK	Irish Star	
joe.co.uk	DROP	UK	JOE	notnews
essexlive.news	KEEP	UK	Essex Live	
newsletter.co.uk	KEEP	UK	News Letter	
glasgowlive.co.uk	KEEP	UK	Glasgow Live	
nationalworld.com	KEEP	UK	NationalWorld	
lep.co.uk	KEEP	UK	Lancashire Evening Post	
sunderlandecho.com	KEEP	UK	Sunderland Echo	
101greatgoals.com	DROP	UK	101 Great Goals	notnews
politicshome.com	KEEP	UK	PoliticsHome	
edinburghlive.co.uk	KEEP	UK	Edinburgh Live	
blackpoolgazette.co.uk	KEEP	UK	Blackpool Gazette	
bylinetimes.com	KEEP	UK	Byline Times	
thestage.co.uk	KEEP	UK	The Stage	
leeds-live.co.uk	KEEP	UK	Leeds Live	
lancs.live	KEEP	UK	Lancs Live	
lexisnexis.co.uk	DROP	UK	LexisNexis UK	aggregator
politics.co.uk	KEEP	UK	Politics.co.uk	
peterboroughtoday.co.uk	KEEP	UK	Peterborough Telegraph	
nation.cymru	KEEP	UK	Nation.Cymru	
plantbasednews.org	DROP	UK	Plant Based News	notnews
campaignlive.com	KEEP	UK	Campaign	
churchtimes.co.uk	KEEP	UK	Church Times	
northamptonchron.co.uk	KEEP	UK	Northampton Chronicle & Echo	
warringtonguardian.co.uk	KEEP	UK	Warrington Guardian	
eveningnews24.co.uk	KEEP	UK	Norwich Evening News	
herefordtimes.com	KEEP	UK	Hereford Times	
shop.exacteditions.com	DROP	UK	Exact Editions	aggregator
exacteditions.com	DROP	UK	Exact Editions	aggregator
doncasterfreepress.co.uk	KEEP	UK	Doncaster Free Press	
careers.newsquest.co.uk	DROP	UK	Newsquest Careers	other
newsquest.co.uk	DROP	UK	Newsquest	other
nub.news	KEEP	UK	Nub News	
elaph.com	KEEP	UK	Elaph	
varsity.co.uk	KEEP	UK	Varsity	
yourweather.co.uk	DROP	UK	Meteored UK	notnews
tortoisemedia.com	KEEP	UK	Tortoise Media	
gaystarnews.com	DROP	UK	Gay Star News	defunct
eveningtimes.co.uk	DROP	UK	Evening Times	defunct
tribunemag.co.uk	KEEP	UK	Tribune	
newsoftheworld.co.uk	DROP	UK	News of the World	defunct
hertfordshiremercury.co.uk	KEEP	UK	Hertfordshire Mercury	
westerntelegraph.co.uk	KEEP	UK	Western Telegraph	
thewestmorlandgazette.co.uk	KEEP	UK	The Westmorland Gazette	
thescarboroughnews.co.uk	KEEP	UK	The Scarborough News	
sundayherald.com	DROP	UK	Sunday Herald	defunct
thecurrencyanalytics.com	DROP	UK	The Currency Analytics	notnews
private-eye.co.uk	KEEP	UK	Private Eye	
theneweuropean.co.uk	KEEP	UK	The New European	
inverness-courier.co.uk	KEEP	UK	The Inverness Courier	
thefootballfaithful.com	DROP	UK	The Football Faithful	notnews
alarab.co.uk	KEEP	UK	Al-Arab	
wakefieldexpress.co.uk	KEEP	UK	Wakefield Express	
guardian-series.co.uk	KEEP	UK	Waltham Forest Guardian	
lancasterguardian.co.uk	KEEP	UK	Lancaster Guardian	
chesterchronicle.co.uk	KEEP	UK	Chester Chronicle	
wiltshiretimes.co.uk	KEEP	UK	Wiltshire Times	
oxfordstudent.com	KEEP	UK	The Oxford Student	
maidenhead-advertiser.co.uk	KEEP	UK	Maidenhead Advertiser	
southwarknews.co.uk	KEEP	UK	Southwark News	
fifetoday.co.uk	KEEP	UK	Fife Free Press	
dunfermlinepress.com	KEEP	UK	Dunfermline Press	
romfordrecorder.co.uk	KEEP	UK	Romford Recorder	
the5krunner.com	DROP	UK	the5krunner	notnews
impartialreporter.com	KEEP	UK	The Impartial Reporter	
macclesfield-express.co.uk	KEEP	UK	Macclesfield Express	
newburytoday.co.uk	KEEP	UK	Newbury Weekly News	
cravenherald.co.uk	KEEP	UK	Craven Herald & Pioneer	
darlingtonandstocktontimes.co.uk	KEEP	UK	Darlington & Stockton Times	
thewestonmercury.co.uk	KEEP	UK	Weston Mercury	
theboar.org	KEEP	UK	The Boar	
newhamrecorder.co.uk	KEEP	UK	Newham Recorder	
holyrood.com	KEEP	UK	Holyrood	
keighleynews.co.uk	KEEP	UK	Keighley News	
freedomnews.org.uk	KEEP	UK	Freedom News	
andoveradvertiser.co.uk	KEEP	UK	Andover Advertiser	
bridportnews.co.uk	KEEP	UK	Bridport News	
thenews.coop	KEEP	UK	Co-op News	
ardrossanherald.com	KEEP	UK	Ardrossan and Saltcoats Herald	
islingtongazette.co.uk	KEEP	UK	Islington Gazette	
tivysideadvertiser.co.uk	KEEP	UK	Tivyside Advertiser	
s1jobs.com	DROP	UK	s1jobs	other
northampton-news-hp.co.uk	DROP	UK	Northants Herald & Post	defunct
eastlondonadvertiser.co.uk	KEEP	UK	East London Advertiser	
menmedia.co.uk	DROP	UK	MEN Media	other
henleystandard.co.uk	KEEP	UK	Henley Standard	
bedfordshire-news.co.uk	DROP	UK	Bedfordshire on Sunday	defunct
richmondandtwickenhamtimes.co.uk	KEEP	UK	Richmond and Twickenham Times	
jobs24.co.uk	DROP	UK	Jobs24	other
palatinate.org.uk	KEEP	UK	Palatinate	
buxtonadvertiser.co.uk	KEEP	UK	Buxton Advertiser	
theoldie.co.uk	DROP	UK	The Oldie	notnews
labourstart.org	DROP	UK	LabourStart	aggregator
eveningtelegraph.co.uk	KEEP	UK	Dundee Evening Telegraph	
bathchronicle.co.uk	KEEP	UK	Bath Chronicle	
idler.co.uk	DROP	UK	The Idler	notnews
localiq.co.uk	DROP	UK	LocaliQ	other
manchestermill.co.uk	KEEP	UK	The Mill	
anphoblacht.com	DROP	UK	An Phoblacht	nonukus
eppingforestguardian.co.uk	KEEP	UK	Epping Forest Guardian	
daventryexpress.co.uk	KEEP	UK	Daventry Express	
redbrick.me	KEEP	UK	Redbrick	
sentimentmetrics.com	DROP	UK	Sentiment Metrics	other
stornowaygazette.co.uk	KEEP	UK	Stornoway Gazette	
glasgowguardian.co.uk	KEEP	UK	The Glasgow Guardian	
wikitribune.com	DROP	UK	WikiTribune	defunct
hastingsobserver.co.uk	KEEP	UK	Hastings & St. Leonards Observer	
epigram.org.uk	KEEP	UK	Epigram	
