domain	name	region	tranco
sites.google.com	Bronx News	US	1
news.google.com	The Register-Guard	US	1
google.com	Weekly World News	US	1
finance.yahoo.com	Yahoo Finance	US	62
news.yahoo.com	Yahoo! News	US	62
msn.com	MSN	US	63
umdsbs.wordpress.com	Stories Beneath the Shell	US	100
web.archive.org	America Oggi	US	146
nytimes.com	nytimes.com	US	153
medium.com	The Colby Echo	US	186
cnn.com	CNN	US	190
forbes.com	Forbes	US	201
weather.com	Weather Channel	US	251
reuters.com	Reuters	US	277
cdc.gov	Emerging Infectious Diseases	US	341
wwwnc.cdc.gov	Emerging Infectious Diseases	US	341
issuu.com	The Blowfish	US	344
wsj.com	Wall Street Journal	US	348
washingtonpost.com	Washington Post	US	358
bloomberg.com	Bloomberg	US	359
businessinsider.com	Business Insider	US	432
espn.com	ESPN	US	440
jessica.substack.com	All in Her Head	US	443
abcnews.go.com	ABC News	US	449
cnbc.com	CNBC	US	450
npr.org	NPR	US	481
fandom.com	Fandom	US	488
foxnews.com	Fox News	US	502
wired.com	WIRED	US	523
usatoday.com	USA Today	US	540
time.com	TIME	US	542
news.cornell.edu	Cornell Chronicle	US	547
hdl.loc.gov	El Mundo	US	607
chroniclingamerica.loc.gov	The Appeal	US	607
loc.gov	Draugas	US	607
stacks.loc.gov	Army Times	US	607
techcrunch.com	TechCrunch	US	625
cbsnews.com	CBS News	US	653
cnet.com	CNET	US	661
apnews.com	Associated Press	US	779
people.com	People	US	797
theverge.com	Verge	US	810
nbcnews.com	NBC News	US	817
chess.com	Chess.com	US	870
latimes.com	Daily Pilot	US	871
genius.com	Genius	US	929
nationalgeographic.com	National Geographic	US	949
theatlantic.com	Atlantic	US	969
pbs.org	PBS	US	999
huffpost.com	HuffPost	US	1007
nypost.com	New York Post	US	1073
fortune.com	Fortune	US	1093
jstor.org	off our backs	US	1241
daily.jstor.org	JSTOR Daily	US	1241
usnews.com	U.S. News & World Report	US	1346
newsweek.com	Newsweek	US	1578
newyorker.com	New Yorker	US	1760
zdnet.com	ZDNET	US	1839
marketwatch.com	MarketWatch	US	1865
vice.com	VICE.com	US	1895
arstechnica.com	Ars Technica	US	1909
fastcompany.com	Fast Company	US	1969
gizmodo.com	Gizmodo	US	2073
politico.com	Politico	US	2074
mashable.com	Mashable	US	2096
ign.com	Q207708	US	2101
engadget.com	Engadget	US	2176
ufdc.ufl.edu	The Sun	US	2203
variety.com	Variety	US	2206
vox.com	Vox	US	2254
axios.com	Axios	US	2384
slate.com	Slate	US	2405
rollingstone.com	Rolling Stone	US	2407
sfgate.com	SFGATE	US	2464
qz.com	Quartz	US	2517
technologyreview.com	MIT Technology Review	US	2593
wildcat.arizona.edu	Arizona Daily Wildcat	US	2595
thehill.com	The Hill	US	2609
hollywoodreporter.com	Hollywood Reporter	US	2642
bizjournals.com	Business Journal	US	2726
pittsburgh.bizjournals.com	Pittsburgh Business Times	US	2726
birmingham.bizjournals.com	Birmingham Business Journal	US	2726
chicagotribune.com	Lake Forester	US	2788
lakeforest.chicagotribune.com	Lake Forester	US	2788
venturebeat.com	VentureBeat	US	2796
newspapers.sos.wa.gov	Cayton's Weekly	US	2833
discovery.com	Discovery	US	2925
vogue.com	Vogue	US	2961
tmz.com	TMZ	US	3099
thedailybeast.com	Daily Beast	US	3117
si.com	Sports Illustrated	US	3140
foxsports.com	Fox Sports	US	3146
nymag.com	New York	US	3285
voanews.com	Voice of America	US	3295
deadline.com	Deadline	US	3325
vanityfair.com	Vanity Fair	US	3420
advertiserdemocrat.com.com	The Advertiser Democrat	US	3438
njjewishnews.timesofisrael.com	New Jersey Jewish News	US	3456
salon.com	Salon	US	3496
boston.com	Boston.com	US	3515
nydailynews.com	Daily News	US	3520
search.proquest.com	Defense News	US	3557
gateway.proquest.com	The Gazette	US	3557
digitalmicrofilm1.proquest.com	Statesman Journal	US	3557
proquest.com	Statesman Journal	US	3557
gradynewsource.uga.edu	Grady Newsource	US	3582
stlow.iii.com	The Columbian	US	3750
space.com	Space.com	US	3761
coindesk.com	CoinDesk	US	3779
bostonglobe.com	Boston Globe	US	3842
hdl.handle.net	Newtown Bee	US	3965
seattletimes.com	Seattle Times	US	3991
umass.edu	The Campus Chronicle	US	4095
oregonnews.uoregon.edu	Mail Tribune	US	4116
macrumors.com	MacRumors	US	4122
propublica.org	ProPublica	US	4257
resolver.library.ualberta.ca	The Buffalo News	US	4353
foreignpolicy.com	Foreign Policy	US	4516
barrons.com	Barron's	US	4518
msnbc.com	MSNBC	US	4577
ap.org	Associated Press	US	4614
universe.byu.edu	The Universe	US	4741
bleacherreport.com	Bleacher Report	US	4770
lexisnexis.com	The Hill	US	4775
gallica.bnf.fr	Q16763951	US	4886
washingtontimes.com	Washington Times	US	4960
miamiherald.com	Miami Herald	US	5006
mercurynews.com	Mercury News	US	5037
cdnc.ucr.edu	Imperial Valley Press	US	5060
bleepingcomputer.com	BleepingComputer	US	5084
dallasnews.com	Al Dia Dallas	US	5146
csmonitor.com	The Christian Science Monitor	US	5184
upi.com	United Press International	US	5253
breitbart.com	Breitbart	US	5284
startribune.com	Star Tribune	US	5396
nj.com	NJ.com	US	5427
theepochtimes.com	Epoch Times	US	5560
bibpurl.oclc.org	The Hill	US	5607
liverpool.idm.oclc.org	The Columbus Dispatch	US	5607
newfirstsearch.oclc.org	The Gazette	US	5607
0-nouveau.europresse.com.pugwash.lib.warwick.ac.uk	The Pantagraph	US	5627
0-www.bpe.europresse.com.pugwash.lib.warwick.ac.uk	The Pantagraph	US	5627
0-www.nexis.com.pugwash.lib.warwick.ac.uk	The Pantagraph	US	5627
9to5mac.com	9to5Mac	US	5670
search.ebscohost.com	The Day	US	5718
ebscohost.com	New Pittsburgh Courier	US	5718
boingboing.net	Boing Boing	US	5739
motherjones.com	Mother Jones	US	5816
pagesix.com	Page Six	US	5854
eonline.com	E!	US	5889
chicago.suntimes.com	Chicago Sun-Times	US	5915
suntimes.com	Chicago Sun-Times	US	5915
oregonlive.com	Oregonian	US	5963
azcentral.com	Arizona Republic	US	5976
denverpost.com	Denver Post	US	6039
newrepublic.com	New Republic	US	6052
sbnation.com	SB Nation	US	6108
thenation.com	The Nation	US	6171
inquirer.com	Philadelphia Inquirer	US	6182
vulture.com	Vulture	US	6203
mtv.com	MTV News	US	6220
freep.com	Detroit Free Press	US	6265
telegram.com	Telegram & Gazette	US	6354
sfchronicle.com	San Francisco Chronicle	US	6423
theintercept.com	Intercept	US	6461
eater.com	Eater	US	6477
sandiegouniontribune.com	Ramona Sentinel	US	6554
gale.cengage.com	The News & Observer	US	6568
rfa.org	Radio Free Asia	US	6576
newsmax.com	Newsmax	US	6706
futurism.com	Futurism	US	6732
ajc.com	Atlanta Journal-Constitution	US	6889
observer.com	New York Observer	US	6916
military.com	military.com	US	6927
buzzfeednews.com	Buzzfeed News	US	6930
discovermagazine.com	Discover	US	6979
cleveland.com	Cleveland.com	US	7221
baltimoresun.com	Aegis	US	7248
rferl.org	Radio Free Europe/Radio Liberty	US	7274
statnews.com	STAT	US	7461
theonion.com	Onion	US	7466
mlive.com	MLive	US	7494
businessinsider.com.pl	Business Insider	US	7640
pitchfork.com	Pitchfork	US	7767
zerohedge.com	ZeroHedge	US	7811
washingtonexaminer.com	Washington Examiner	US	7874
examiner.com	San Francisco Examiner	US	7904
nationalreview.com	National Review	US	8107
al.com	AL.com	US	8248
thecut.com	The Cut	US	8326
news.bloomberglaw.com	Bloomberg Law	US	8382
newsday.com	Newsday	US	8611
chronicle.com	The Chronicle of Higher Education	US	8738
thewrap.com	Wrap	US	8743
post-gazette.com	Pittsburgh Post-Gazette	US	8799
rawstory.com	Raw Story	US	8843
wbur.org	WBUR	US	8954
detroitnews.com	Detroit News	US	9186
mongabay.com	Mongabay	US	9377
jsonline.com	Milwaukee Journal Sentinel	US	9459
usmagazine.com	Us Weekly	US	9981
wral.com	WRAL	US	10015
dailykos.com	Daily Kos	US	10138
sacbee.com	Sacramento Bee	US	10166
investors.com	Investor's Business Daily	US	10318
cw.ua.edu	The Crimson White	US	10349
windowscentral.com	Windows Central	US	10361
reviewjournal.com	Las Vegas Review-Journal	US	10397
ocregister.com	Orange County Register	US	10526
newscomwc.newspapers.com	Muscatine Journal	US	10566
reason.com	Reason	US	10695
tronc-hartford-courant-prod.origin.arcpublishing.com	Q1587159	US	10696
theathletic.com	Athletic	US	10713
tampabay.com	Tampa Bay Times	US	10741
thediplomat.com	The Diplomat	US	10751
fivethirtyeight.com	FiveThirtyEight	US	10763
bonappetit.com	Bon Appetit	US	10859
deseret.com	Deseret News	US	11210
teenvogue.com	Teen Vogue	US	11399
usccb.org	Catholic News Service	US	11457
nola.com	NOLA.com	US	11556
kqed.org	KQED	US	11578
univision.com	Univision News	US	11599
commondreams.org	Common Dreams	US	11697
abc7.com	ABC7	US	11726
houstonchronicle.com	Houston Chronicle	US	11816
democracynow.org	Democracy Now!	US	11897
orlandosentinel.com	Orlando Sentinel	US	11936
texastribune.org	Texas Tribune	US	12040
edweek.org	Education Week	US	12083
sun-sentinel.com	Sun Sentinel	US	12381
alternet.org	AlterNet	US	12396
bostonherald.com	Boston Herald	US	12405
sltrib.com	Salt Lake Tribune	US	12413
catalog.hathitrust.org	Liberty	US	12508
politifact.com	Politifact 	US	12512
dailycaller.com	Daily Caller	US	12648
gawker.com	Gawker	US	12681
realclearpolitics.com	Real Clear Politics	US	12704
thegatewaypundit.com	Gateway Pundit	US	12738
curbed.com	Curbed	US	12828
stltoday.com	St. Louis Post-Dispatch	US	12896
suburbanjournals.stltoday.com	Suburban Journals	US	12896
indystar.com	The Indianapolis Star	US	12923
ktla.com	KTLA	US	12943
philly.com	Philadelphia Daily News	US	12980
syracuse.com	Syracuse.com	US	12983
nybooks.com	New York Review of Books	US	13129
courthousenews.com	Courthouse News Service	US	13161
dailydot.com	The Daily Dot	US	13248
laweekly.com	LA Weekly	US	13252
theinformation.com	The Information	US	13274
kansascity.com	Kansas City Star	US	13311
militarytimes.com	Military Times	US	13376
masslive.com	MassLive	US	13416
grist.org	Grist	US	13430
dispatch.com	The Columbus Dispatch	US	13582
townhall.com	Townhall	US	13648
link.gale.com	Windows IT Pro	US	13649
pennlive.com	PennLive	US	13792
mediaite.com	Mediaite	US	13807
tennessean.com	The Tennessean	US	13822
truthout.org	Truthout	US	14183
nbcchicago.com	NBC Chicago	US	14188
villagevoice.com	The Village Voice	US	14193
defensenews.com	Defense News	US	14341
awi.defensenews.com	Defense News	US	14341
gothamist.com	Gothamist	US	14488
courant.com	Q1587159	US	14531
law360.com	Law360	US	14551
abc7news.com	ABC7 News	US	14966
statesman.com	Austin Statesman	US	15010
mysanantonio.com	San Antonio Express-News	US	15120
stripes.com	Stars and Stripes	US	15153
desmoinesregister.com	Des Moines Register	US	15377
altoonaherald.desmoinesregister.com	Altoona Herald-Mitchellville Index	US	15377
cincinnati.com	Cincinnati Enquirer	US	15518
newsobserver.com	The News & Observer	US	15559
opensecrets.org	OpenSecrets	US	15570
news.nau.edu	The NAU Review	US	15596
triblive.com	Pittsburgh Tribune-Review	US	15615
theblaze.com	Blaze	US	15628
9news.com	9NEWS Denver	US	15672
jacobin.com	Jacobin	US	15699
torrentfreak.com	TorrentFreak	US	15719
wnyc.org	WNYC	US	15781
christianitytoday.com	Christianity Today	US	15887
jezebel.com	Jezebel	US	15929
404media.co	404 Media	US	15990
charlotteobserver.com	Charlotte Observer	US	15992
deadspin.com	Deadspin	US	16003
spokesman.com	Spokesman-Review	US	16059
postandcourier.com	Aiken Standard	US	16186
cjr.org	Columbia Journalism Review	US	16328
pressherald.com	Portland Press Herald	US	16383
christianpost.com	The Christian Post	US	16464
drudgereport.com	Drudge Report	US	16537
nbcbayarea.com	NBC Bay Area	US	16544
buffalonews.com	Buffalo News	US	16598
northjersey.com	The Record	US	16664
king5.com	KING5	US	16695
semafor.com	Semafor	US	16793
harpers.org	Harper’s	US	16918
adn.com	Anchorage Daily News	US	17062
palmbeachpost.com	The Palm Beach Post	US	17087
icij.org	ICIJ	US	17124
twincities.com	St. Paul Pioneer Press	US	17152
rollcall.com	Roll Call	US	17224
dailyherald.com	Daily Herald	US	17242
seattlepi.com	Seattle Post-Intelligencer	US	17250
star.txstate.edu	University Star	US	17297
wfaa.com	WFAA	US	17366
theringer.com	Ringer	US	17392
dailywire.com	Daily Wire	US	17397
prospect.org	American Prospect	US	17578
mprnews.org	MPR News	US	17583
6abc.com	6abc	US	17600
oklahoman.com	Oklahoman	US	17710
dowjones.com	Dow Jones Newswires	US	17842
spacenews.com	Space News	US	18061
aviationweek.com	Aviation Week	US	18105
nbcdfw.com	NBC DFW	US	18125
scotusblog.com	SCOTUS Blog	US	18296
texasmonthly.com	Texas Monthly	US	18323
lasvegassun.com	Las Vegas Sun	US	18410
wsbtv.com	WSB-TV	US	18434
courier-journal.com	The Courier-Journal	US	18472
nbcphiladelphia.com	NBC10 Philadelphia	US	18484
tucson.com	Arizona Daily Star	US	18567
dailynews.com	Los Angeles Daily News	US	18591
marinecorpstimes.va.newsmemory.com	Marine Corps Times	US	18808
mediamatters.org	Media Matters	US	19021
koreadaily.com	The Korea Daily	US	19049
al-monitor.com	Al-Monitor	US	19107
whyy.org	WHYY	US	19116
calmatters.org	Calmatters	US	19191
laist.com	LAist	US	19210
star-telegram.com	Fort Worth Star-Telegram	US	19246
wgntv.com	WGN	US	19279
talkingpointsmemo.com	TPM	US	19807
niemanlab.org	Nieman Lab	US	20134
pressdemocrat.com	The Press Democrat	US	20252
kxan.com	KXAN	US	20369
khou.com	KHOU	US	20479
wnd.com	WND News	US	20683
infowars.com	Infowars	US	20708
epochtimes.com	The Epoch Times	US	21184
ecowatch.com	EcoWatch	US	21339
jta.org	Jewish Telegraphic Agency	US	21350
bangordailynews.com	Bangor Daily News	US	21572
insideclimatenews.org	Inside Climate News	US	21997
thefederalist.com	Federalist	US	22214
madison.com	Wisconsin State Journal	US	22283
mcall.com	The Morning Call	US	22465
catholicnewsagency.com	EWTN News	US	22587
dailyvoice.com	The Daily Voice	US	22731
app.com	Asbury Park Press	US	23535
advance.lexis.com	Windows IT Pro	US	23807
richmond.com	Richmond Times-Dispatch	US	23845
jacksonville.com	Florida Times-Union	US	23901
knoxnews.com	Knoxville News Sentinel	US	23915
theblock.co	Block	US	24042
pilotonline.com	pilotonline.com	US	24303
11alive.com	11Alive News	US	24321
ncronline.org	National Catholic Reporter	US	24382
local10.com	WPLG Local 10 News	US	24561
restofworld.org	Rest of World	US	24633
kcrw.com	KCRW	US	24792
miaminewtimes.com	Miami New Times	US	24949
ny1.com	NY1	US	25106
abc15.com	ABC15 Arizona	US	25188
arkansasonline.com	Arkansas Democrat-Gazette	US	25259
omaha.com	Gretna Breeze	US	25378
eenews.net	E&E News	US	25402
campusgroups.erau.edu	The Avion	US	25425
chicagobusiness.com	Crain's Chicago Business	US	25586
sfexaminer.com	San Francisco Examiner	US	25601
taskandpurpose.com	Task & Purpose	US	25610
kentucky.com	Lexington Herald-Leader	US	25811
delawareonline.com	Delaware Online	US	26029
ctinsider.com	Cheshire Herald	US	26055
heraldtribune.com	Sarasota Herald-Tribune	US	26101
democratandchronicle.com	Democrat and Chronicle	US	26161
fox5atlanta.com	Fox 5 Atlanta	US	26301
freebeacon.com	Washington Free Beacon	US	26823
silive.com	Staten Island Advance	US	26874
tallahassee.com	Tallahassee Democrat	US	27016
religionnews.com	Religion News Service	US	27128
redstate.com	RedState	US	27159
lj3le7zk2e.search.serialssolutions.com	Q1587159	US	27235
yu7rz9hn8y.search.serialssolutions.com	The Appeal	US	27235
wc2vb5mt8e.search.serialssolutions.com	Missoula Independent	US	27235
zm3uh2fr3l.search.serialssolutions.com	Cecil Whig	US	27235
vh7qx3xe2p.search.serialssolutions.com	Nome Nugget	US	27235
my2vs8lv9p.search.serialssolutions.com	The Register-Guard	US	27235
bt2ha9xt3y.search.serialssolutions.com	The Garden Island	US	27235
dg4zn4jn3v.search.serialssolutions.com	Washington Jewish Week	US	27235
qn6sj3qc3h.search.serialssolutions.com	Weekly World News	US	27235
city-journal.org	City Journal	US	27282
elibrary.cf.ac.uk	Bangor Daily News	US	27290
theroot.com	Root	US	27503
newjersey.news12.com	News12NJ	US	27680
dailysignal.com	The Daily Signal	US	27704
amny.com	AM New York	US	27786
daytondailynews.com	Dayton Daily News	US	27791
ezproxy.aut.ac.nz	The Tombstone Epitaph	US	27976
austinchronicle.com	Austin Chronicle	US	28009
staradvertiser.com	Honolulu Star-Advertiser	US	28027
americanbanker.com	American Banker	US	28035
justsecurity.org	Just Security	US	28131
cpr.org	Colorado Public Radio	US	28272
gazette.com	The Gazette	US	28363
thestate.com	The State	US	28429
thestranger.com	The Stranger	US	28605
hotair.com	HotAir	US	28976
floridatoday.com	Florida Today	US	28991
expressnews.com	San Antonio Express-News	US	29088
eastbaytimes.com	East Bay Times	US	29124
clarionledger.com	Clarion Ledger	US	29305
tulsaworld.com	Tulsa World	US	29389
chicagoreader.com	Chicago Reader	US	29440
ctpost.com	Connecticut Post	US	29529
fox5ny.com	Fox 5 New York	US	29547
westword.com	Westword	US	29557
providencejournal.com	The Providence Journal	US	29733
wichita.edu	Studies in Medieval and Renaissance Teaching	US	29837
mcclatchydc.com	McClatchyDC	US	29993
sfstandard.com	The San Francisco Standard	US	30289
ejournal.abqjournal.com	Albuquerque Journal	US	30304
abqjournal.com	Albuquerque Journal	US	30304
washingtoncitypaper.com	Washington City Paper	US	30305
wttw.com	WTTW	US	30373
commercialappeal.com	Commercial Appeal	US	30432
kpbs.org	KPBS	US	30451
wickedlocal.com	Hudson Sun	US	30575
winchester.wickedlocal.com	Winchester Star	US	30575
brookline.wickedlocal.com	Brookline TAB	US	30575
chatham.wickedlocal.com	Wicked Local Chatham	US	30575
waltham.wickedlocal.com	Waltham News Tribune	US	30575
wayland.wickedlocal.com	Wayland Town Crier	US	30575
mansfield.wickedlocal.com	Journal-News Independent	US	30575
thenewstribune.com	The News Tribune	US	30686
phoenixnewtimes.com	New Times	US	30908
lohud.com	LoHud.com	US	31140
kcci.com	KCCI	US	31339
sportsbusinessjournal.com	Sports Business Journal	US	31372
heraldnet.com	The Everett Herald	US	31384
inthesetimes.com	In These Times 	US	31551
foxla.com	FOX 11 Los Angeles	US	31730
dallasobserver.com	Dallas Observer	US	32048
crainsnewyork.com	Crain's New York Business	US	32113
kansas.com	Wichita Eagle	US	32115
nbcconnecticut.com	NBC Connecticut	US	32423
elnuevodia.com	El Nuevo Día	US	32472
metrotimes.com	Metro Times	US	32537
minnpost.com	MinnPost	US	32556
ourmidland.com	Midland Daily News	US	32605
rgj.com	Reno Gazette-Journal	US	32632
coloradosun.com	Colorado Sun	US	32668
infoweb.newsbank.com	Q1587159	US	32682
thejewishadvocate.newsbank.com	The Jewish Advocate	US	32682
desertsun.com	The Desert Sun	US	32749
abovethelaw.com	Above the Law	US	32924
hcn.org	High Country News	US	32954
wweek.com	Willamette Week	US	33267
firstthings.com	First Things	US	33317
worldjournal.com	World Journal	US	33477
babylonbee.com	Babylon Bee	US	33521
armytimes.com	Army Times	US	33697
columbian.com	The Columbian	US	33915
kvue.com	KVUE	US	33920
fresnobee.com	Sierra Star	US	33998
toledoblade.com	The Blade	US	34210
wbtv.com	WBTV	US	34311
sfweekly.com	SF Weekly	US	34381
wbez.org	WBEZ	US	34418
idahostatesman.com	Idaho Statesman	US	34539
kcrg.com	KCRG	US	34756
dailypress.com	Daily Press	US	34773
naplesnews.com	Naples Daily News	US	34797
nysun.com	The New York Sun	US	34819
jns.org	Jerusalem News Syndicate	US	35069
westernjournal.com	The Western Journal	US	35132
publicintegrity.org	Center for Public Integrity	US	35171
thefp.com	Free Press	US	35279
laopinion.com	La Opinión	US	35480
dickinson.edu	The Dickinsonian	US	35504
khn.org	KFF Health News	US	35685
chalkbeat.org	Chalkbeat	US	35727
dailycamera.com	Daily Camera	US	35762
commons.trincoll.edu	The Trinity Tripod	US	35785
journalstar.com	Lincoln Journal Star	US	35798
thefader.com	The Fader	US	35845
studyfinds.org	Study Finds	US	35849
fair.org	Fairness and Accuracy in Reporting	US	35911
out.com	Q951591	US	36014
themarshallproject.org	Marshall Project	US	36071
morningbrew.com	Morning Brew	US	36091
news-journalonline.com	News-Journal	US	36109
abc27.com	WHTM-TV	US	36423
sandiegoreader.com	San Diego Reader	US	36484
wdrb.com	WDRB News	US	36590
pulitzercenter.org	Pulitzer Center	US	37249
kptv.com	Fox 12 Oregon	US	37394
houstonpress.com	Houston Press	US	37682
fox29.com	FOX29 Philly	US	37807
news-press.com	Fort Myers News-Press	US	38073
thegrio.com	Grio	US	38197
shawlocal.com	The Herald-News	US	38342
thegazette.com	Cedar Rapids Gazette	US	38507
lehighvalleylive.com	The Express-Times	US	38582
santafenewmexican.com	Santa Fe New Mexican	US	38618
nationaljournal.com	National Journal	US	39283
eurasianet.org	EurasiaNet	US	39495
justthenews.com	Just the News	US	39560
independent.com	Santa Barbara Independent	US	39661
billingsgazette.com	Billings Gazette	US	39872
electronicintifada.net	The Electronic Intifada	US	40002
hechingerreport.org	The Hechinger Report	US	40121
ljworld.com	Lawrence Journal-World	US	40129
www2.ljworld.com	Lawrence Journal-World	US	40129
thebulwark.com	Bulwark	US	40175
thedenverchannel.com	Denver7	US	40177
elpasotimes.com	El Paso Times	US	40267
abc3340.com	ABC 33/40 News	US	40415
zenit.org	Zenit News Agency	US	40424
cjonline.com	The Topeka Capital-Journal	US	40579
archpaper.com	The Architect's Newspaper	US	40654
ketv.com	KETV NewsWatch 7	US	40691
fatherly.com	Fatherly	US	40853
dailybreeze.com	Daily Breeze	US	40921
theledger.com	The Ledger	US	40970
roanoke.com	The Roanoke Times	US	41172
citizen-times.com	Asheville Citizen-Times	US	41339
news3lv.com	KSNV News 3	US	41532
wgrz.com	WGRZ	US	41843
techmeme.com	TechMeme	US	42005
stateline.org	Stateline	US	42077
kcur.org	KCUR	US	42146
tcpalm.com	Treasure Coast	US	42449
nhregister.com	New Haven Register	US	42563
statesmanjournal.com	Stayton Mail	US	42683
19thnews.org	19th	US	43041
navytimes.com	Navy Times	US	43055
pjstar.com	Journal Star	US	43159
floridapolitics.com	Florida Politics	US	43238
notthebee.com	Not the Bee	US	43420
seacoastonline.com	Seacoastonline.com	US	43471
dnainfo.com	DNAinfo	US	43770
news-leader.com	Springfield News-Leader	US	43824
savannahnow.com	Savannah Morning News	US	43839
torquenews.com	Torque News	US	43976
gainesville.com	Gainesville Sun	US	44057
primerahora.com	Primera Hora	US	44058
lansingstatejournal.com	Lansing State Journal	US	44199
marinij.com	Marin Independent Journal	US	44231
uplift.com	The Uplift	US	44259
journalnow.com	Winston-Salem Journal	US	44332
santacruzsentinel.com	Santa Cruz Sentinel	US	44428
access.newspaperarchive.com	Tribune-Star	US	44441
wkyt.com	WKYT	US	44443
khon2.com	KHON2 News	US	44516
drf.com	Daily Racing Form	US	44751
blockclubchicago.org	Block Club Chicago	US	44765
yaledailynews.com	Yale Daily News	US	44845
greenvilleonline.com	Greenville News	US	45319
katv.com	KATV News	US	45576
pressofatlanticcity.com	The Press of Atlantic City	US	45594
defector.com	Defector	US	45660
trib.com	Casper Star-Tribune	US	45696
pnj.com	News Journal	US	45707
texasobserver.org	Texas Observer	US	45802
registerguard.com	The Register-Guard	US	45897
gpb.org	Georgia Public Broadcasting	US	46369
vcstar.com	Ventura County Star	US	46556
wave3.com	WAVE	US	46599
eu.beaconjournal.com	Akron Beacon Journal	US	46894
beaconjournal.com	Akron Beacon Journal	US	46894
cowboystatedaily.com	Cowboy State Daily	US	47029
sunjournal.com	Sun Journal	US	47037
themarkup.org	The Markup	US	47041
alaskasnewssource.com	Alaska’s News Source	US	47064
montgomeryadvertiser.com	Montgomery Advertiser	US	47569
metro.newschannelnebraska.com	News Channel Nebraska	US	47682
presstelegram.com	Press-Telegram	US	48116
tnebc.nwaonline.com	Times of Northeast Benton County	US	48245
nwaonline.com	Weekly Vista	US	48245
concordmonitor.com	Concord Monitor	US	48371
bakersfield.com	Bakersfield Californian	US	48469
wowt.com	6 News WOWT	US	48517
sj-r.com	The State Journal-Register	US	48557
nhpr.org	New Hampshire Public Radio	US	48971
seattleweekly.com	Seattle Weekly	US	49125
andscape.com	Andscape	US	49157
cbs17.com	CBS 17	US	49314
argusleader.com	Sioux Falls Argus Leader	US	49490
vtdigger.org	VTDigger	US	49508
sunherald.com	Sun Herald	US	49613
dailycal.org	The Daily Californian	US	49945
businessinsider.es	Business Insider	US	50174
sbsun.com	The San Bernardino Sun	US	50417
pe.com	Riverside Press-Enterprise	US	50516
whas11.com	WHAS11 News	US	50585
washingtonblade.com	Washington Blade	US	50727
burlingtonfreepress.com	Burlington Free Press	US	50966
wabe.org	WABE News	US	51149
okayplayer.com	okayplayer	US	51213
starnewsonline.com	Star-News	US	51238
missoulian.com	Missoulian	US	51506
onlineathens.com	Athens Banner-Herald	US	51526
southbendtribune.com	South Bend Tribune	US	51946
civilbeat.org	Honolulu Civil Beat	US	52035
oann.com	OAN	US	52147
sacurrent.com	San Antonio Current	US	52176
coloradoan.com	Coloradoan	US	52557
sanluisobispo.com	Cambrian	US	52598
cantonrep.com	The Repository	US	52686
greenbaypressgazette.com	Door County Advocate	US	53053
ainonline.com	Aviation International News	US	53070
alaskapublic.org	Alaska Public Media	US	53238
duluthnewstribune.com	Duluth News Tribune	US	53486
link.galegroup.com	The Vindicator	US	53550
infotrac.galegroup.com	The Gazette	US	53550
stamfordadvocate.com	The Advocate	US	53806
cityandstateny.com	City & State New York	US	54416
powerlineblog.com	Power Line	US	54480
edsource.org	EdSource	US	54589
qctimes.com	Quad-City Times	US	54630
0-www.lexisnexis.com.emu.londonmet.ac.uk	Dayton Daily News	US	54685
wvgazettemail.com	Charleston Gazette-Mail	US	54769
sevendaysvt.com	Seven Days	US	54781
accesswire.com	Accesswire	US	54796
thebaffler.com	Baffler	US	54799
kut.org	KUT	US	54840
southcoasttoday.com	SouthCoastToday.com	US	54969
centralmaine.com	Kennebec Journal	US	55309
lubbockonline.com	Lubbock Avalanche-Journal	US	55350
recordonline.com	Times Herald-Record	US	55687
goerie.com	GoErie.com	US	55769
metro.us	Metro New York	US	55918
mycentraljersey.com	The Courier-News	US	55962
tpr.org	Texas Public Radio	US	55985
phillyburbs.com	Bucks County Courier Times	US	56038
eastbayexpress.com	East Bay Express	US	56146
fayobserver.com	The Fayetteville Observer	US	56253
chinadigitaltimes.net	China Digital Times	US	56373
newstimes.com	The News-Times	US	56444
algemeiner.com	Algemeiner Journal	US	56480
elnuevoherald.com	El Nuevo Herald	US	56573
13wmaz.com	13WMAZ News	US	56808
creators.com	Creators Syndicate	US	56962
capecodtimes.com	Cape Cod Times	US	56995
the74million.org	74th	US	57048
airforcetimes.com	Air Force Times	US	57258
pasadenastarnews.com	Pasadena Star-News	US	57396
ctmirror.org	Connecticut Mirror	US	57433
courierpostonline.com	Courier-Post	US	57582
miami.com	Miami Herald	US	57817
tmn.truman.edu	Truman State University Index	US	57912
wbrc.com	WBRC FOX6 News	US	58302
grandforksherald.com	Grand Forks Herald	US	58331
aerotime.aero	AeroTime Hub	US	58773
ksn.com	KSN News	US	58837
durangoherald.com	The Durango Herald	US	58946
quill.org	The Quill	US	59035
tuscaloosanews.com	Tuscaloosa News	US	59107
modbee.com	The Modesto Bee	US	59213
epochtimes.de	The Epoch Times	US	59475
michigandaily.com	Michigan Daily	US	59568
dailyprogress.com	Madison County Eagle	US	59755
thecity.nyc	The City	US	59759
puck.news	Puck	US	59903
bendbulletin.com	The Bulletin	US	60067
capradio.org	CapRadio	US	60109
pantagraph.com	The Pantagraph	US	60256
revealnews.org	Reveal	US	60646
thedispatch.com	Dispatch	US	61186
ydr.com	York Daily Record	US	61191
shreveporttimes.com	The Times	US	61280
augustachronicle.com	Augusta Chronicle	US	61348
bradenton.com	Bradenton Herald	US	61366
wonkette.com	Wonkette	US	62093
unco.edu	The Crucible	US	62122
berkshireeagle.com	Berkshire Eagle	US	62183
nextcity.org	Next City	US	62218
kitv.com	KITV4	US	62425
wvnews.com	Exponent Telegram	US	62554
theday.com	The Day	US	62715
kitsapsun.com	Kitsap Sun	US	62834
heraldextra.com	Daily Herald	US	62843
therealnews.com	Real News	US	62952
caller.com	Corpus Christi Caller-Times	US	62997
thenevadaindependent.com	The Nevada Independent	US	63032
humanevents.com	Human Events	US	63273
thebanner.com	Baltimore Banner	US	63359
bismarcktribune.com	The Bismarck Tribune	US	63415
theolympian.com	The Olympian	US	63609
timesleader.com	Times Leader	US	63615
capitalgazette.com	The Capital	US	64138
businessinsider.nl	Business Insider	US	64139
columbiatribune.com	Columbia Daily Tribune	US	64156
tri-cityherald.com	Tri-City Herald	US	64455
sgvtribune.com	San Gabriel Valley Tribune	US	64764
lcsun-news.com	Las Cruces Sun-News	US	64977
dailybulletin.com	Inland Valley Daily Bulletin	US	65446
aquinas.scranton.edu	The Aquinas	US	65865
fredericksburg.com	The Free Lance–Star	US	65877
arktimes.com	Arkansas Times	US	65968
paloaltoonline.com	Palo Alto Weekly	US	66121
redding.com	Redding Record Searchlight	US	66257
courierpress.com	Evansville Courier & Press	US	66334
rapidcityjournal.com	Rapid City Journal	US	67100
kark.com	KARK 4 News	US	67367
observer-reporter.com	Observer-Reporter	US	67455
poughkeepsiejournal.com	Poughkeepsie Journal	US	67866
centredaily.com	Centre Daily Times	US	68435
patriotledger.com	The Patriot Ledger	US	68490
aspentimes.com	Aspen Times	US	68921
kvia.com	KVIA	US	68992
portlandmercury.com	Portland Mercury	US	69540
heraldonline.com	The Herald	US	69648
palestinechronicle.com	The Palestine Chronicle	US	69697
lex18.com	LEX 18 News	US	69833
macon.com	The Telegraph	US	70076
guampdn.com	Pacific Daily News	US	70208
nashvillescene.com	Nashville Scene	US	70246
sherwood.news	Sherwood News	US	71368
thetimes-tribune.com	The Times-Tribune	US	71429
bozemandailychronicle.com	Bozeman Daily Chronicle	US	71777
napavalleyregister.com	St. Helena Star	US	72006
labusinessjournal.com	Los Angeles Business Journal	US	72238
postbulletin.com	Post-Bulletin	US	72375
ocala.com	Star–Banner	US	72744
platformer.news	Platformer	US	72782
columbiamissourian.com	Columbia Missourian	US	72838
salisburypost.com	Salisbury Post	US	73199
manufacturing.net	Plant Engineering	US	73286
rrstar.com	Rockford Register Star	US	73333
bnd.com	Belleville News-Democrat	US	73407
gazettenet.com	Daily Hampshire Gazette	US	73544
kvoa.com	News 4	US	73629
news-herald.com	The News-Herald	US	73847
indyweek.com	Indy Week	US	74083
wtoc.com	WTOC	US	74581
thv11.com	THV 11	US	74796
fosters.com	Rochester Times	US	75154
wrdw.com	News 12 NBC 26	US	75205
citypages.com	City Pages	US	75363
siouxcityjournal.com	Sioux City Journal	US	75541
mississippitoday.org	Mississippi Today	US	75889
bellinghamherald.com	Bellingham Herald	US	76067
recordnet.com	The Record	US	76116
helenair.com	Independent Record	US	76231
therepublic.com	The Republic	US	76238
ocweekly.com	OC Weekly	US	76241
wnyt.com	WNYT NewsChannel 13	US	76435
jconline.com	Lafayette Journal & Courier	US	76544
greenwichtime.com	Greenwich Time	US	76610
longislandpress.com	Long Island Press	US	77136
dnyuz.com	Dnyuz	US	77217
delcotimes.com	Delaware County Daily Times	US	77255
standard.net	Standard-Examiner	US	77663
lacrossetribune.com	LaCrosse Tribune	US	77736
postcrescent.com	The Post-Crescent	US	77903
wyomingnews.com	Laramie Boomerang	US	78992
accent.southern.edu	The Southern Accent	US	79292
metrowestdailynews.com	MetroWest Daily News	US	79520
juneauempire.com	Juneau Empire	US	79630
pressconnects.com	Press & Sun-Bulletin	US	79798
theadvertiser.com	Lafayette Daily Advertiser	US	79839
kake.com	KAKE News	US	79970
qns.com	QNS	US	80192
gpa.eastview.com	El Mundo	US	80460
goupstate.com	Spartanburg Herald-Journal	US	80765
wsav.com	WSAV News 3	US	80911
peninsuladailynews.com	Peninsula Daily News	US	81429
sctimes.com	St. Cloud Times	US	81561
dailyrecord.com	Daily Record	US	81691
marinecorpstimes.com	Marine Corps Times	US	81881
thetrace.org	Trace	US	81915
noozhawk.com	Noozhawk	US	81918
ctpublic.org	Connecticut Public	US	81962
times-standard.com	Times-Standard	US	82891
indybay.org	San Francisco Bay Area Independent Media Center	US	82992
gazettextra.com	Janesville Gazette	US	83743
greatfallstribune.com	Great Falls Tribune	US	84075
islandpacket.com	The Island Packet	US	84380
yakimaherald.com	Yakima Herald-Republic	US	84617
fredericknewspost.com	Frederick News-Post	US	84687
cookpolitical.com	Cook Political Report	US	84757
wacotrib.com	Waco Tribune-Herald	US	84915
vnews.com	Valley News	US	84917
myrtlebeachonline.com	Sun News	US	85141
eldiariony.com	El Diario La Prensa	US	85157
wcfcourier.com	Waterloo-Cedar Falls Courier	US	86475
thedp.com	Daily Penn	US	86968
missionlocal.org	Mission Local	US	87184
walb.com	WALB News 10	US	87682
punchbowl.news	Punchbowl News	US	89116
technical.ly	Technical.ly	US	89137
littlegreenfootballs.com	Little Green Footballs	US	89167
citybiz.co	citybiz	US	89523
chicoer.com	Chico Enterprise-Record	US	90051
clubs.lasalle.edu	The Collegian	US	90129
poconorecord.com	Pocono Record	US	90179
staugustine.com	The St. Augustine Record	US	90336
beaumontenterprise.com	Beaumont Enterprise	US	90372
citybeat.com	Cincinnati CityBeat	US	90402
unicornriot.ninja	Unicorn Riot	US	90616
delmarvanow.com	Delmarva Daily Times	US	91055
campbell.edu	The Campbell Times	US	91303
azdailysun.com	Arizona Daily Sun	US	92090
lasvegasweekly.com	Las Vegas Weekly	US	92209
proquest.umi.com	The Baltimore Sun	US	94424
thetelegraph.com	The Telegraph	US	95014
diariolasamericas.com	Diario Las Américas	US	95346
rewirenewsgroup.com	Rewire News Group	US	95701
columbiaspectator.com	Columbia Daily Spectator	US	95872
thedailyrecord.com	The Daily Record	US	96688
journaltimes.com	Journal Times	US	96944
digitalcollections.crl.edu	American Banker	US	97631
dds.crl.edu	Chicago Eagle	US	97631
dailyfreeman.com	Daily Freeman	US	98206
mauinow.com	Maui Now	US	98321
citizen.com	The Citizen	US	98335
hollandsentinel.com	hollandsentinel.com	US	98548
missouriindependent.com	Missouri Independent	US	98583
heraldmailmedia.com	Herald-Mail Media	US	98773
citizensvoice.com	Citizens Voice	US	98782
timesonline.com	The Beaver County Times	US	99101
kait8.com	KAIT	US	99269
herald-dispatch.com	The Herald-Dispatch	US	99285
uticaod.com	Observer-Dispatch	US	99333
ledger-enquirer.com	Ledger-Enquirer	US	99385
tamuk.edu	The South Texan	US	99712
vindy.com	The Vindicator	US	99813
chieftain.com	The Pueblo Chieftain	US	99819
vaildaily.com	Vail Daily	US	99989
galvnews.com	Galveston County Daily News	US	100014
idahostatejournal.com	Idaho State Journal	US	100110
mdjonline.com	Marietta Daily Journal	US	100139
rutlandherald.com	Rutland Herald	US	100147
pressenterprise.com	The Press-Enterprise	US	100409
macombdaily.com	The Macomb Daily	US	100850
heraldnews.com	The Fall River Herald News	US	102288
amarillo.com	Amarillo Globe-News	US	102510
newslibrary.infi.net	Detroit Free Press	US	102631
brooklyneagle.com	Brooklyn Eagle	US	102955
cisweb.lexis-nexis.com	Q1587159	US	103110
iowapublicradio.org	Iowa Public Radio	US	103561
lmtonline.com	Laredo Morning Times	US	103851
norwichbulletin.com	The Norwich Bulletin	US	103905
news-journal.com	Longview News-Journal	US	104190
nwfdailynews.com	Northwest Florida Daily News	US	104255
voiceofsandiego.org	Voice of San Diego	US	104423
cdapress.com	Coeur d'Alene Press	US	105013
gjsentinel.com	The Daily Sentinel	US	105309
wjbf.com	WJBF	US	105611
poststar.com	The Post-Star	US	105670
jewishcurrents.org	Jewish Currents	US	105873
mrt.com	Midland Reporter-Telegram	US	107175
dailynorthwestern.com	The Daily Northwestern	US	107340
rockymountainnews.com	Rocky Mountain News	US	107545
cornellsun.com	The Cornell Daily Sun	US	107552
vermontpublic.org	Vermont Public	US	107947
phillytrib.com	Philadelphia Tribune	US	108040
newsherald.com	Panama City News-Herald	US	108096
newstribune.com	Jefferson City News Tribune	US	108155
kdhnews.com	Killeen Daily Herald	US	109315
jweekly.com	J.	US	109436
mvtimes.com	MV Times	US	109495
guardianlv.com	Guardian Liberty Voice	US	109521
marylandmatters.org	Maryland Matters	US	109532
citylimits.org	City Limits	US	109695
press.lvcva.com	Las Vegas News Bureau	US	110042
springfieldnewssun.com	Springfield News-Sun	US	110553
lmtribune.com	Lewiston Tribune	US	111250
baltimoremagazine.com	Baltimore Magazine	US	111325
azmirror.com	The Arizona Mirror	US	111355
aftermath.site	Aftermath	US	111448
vvdailypress.com	Victorville Daily Press	US	111460
whittierdailynews.com	Whittier Daily News	US	111600
wtvm.com	WTVM News Leader 9	US	111755
brooklynpaper.com	Brooklyn Paper	US	111840
summitdaily.com	Summit Daily News	US	112027
komu.com	KOMU	US	112055
thehour.com	The Hour	US	112195
timesargus.com	Barre Montpelier Times Argus	US	112263
stlpublicradio.org	St. Louis Public Radio	US	112641
herald-review.com	Herald & Review	US	112861
press-citizen.com	Iowa City Press-Citizen	US	112881
crosscut.com	Crosscut	US	112988
fairobserver.com	Fair Observer	US	113093
syndication.andrewsmcmeel.com	Newspaper Enterprise Association	US	113099
www2.timesdispatch.com	Richmond Times-Dispatch	US	113576
auburnpub.com	The Citizen	US	113687
joplinglobe.com	Joplin Globe	US	113703
cnetfrance.fr	CNET	US	114346
thespectrum.com	The Spectrum	US	114446
thenewsstar.com	Monroe News-Star	US	114661
eastvalleytribune.com	East Valley Tribune	US	114670
kpcc.org	KPCC	US	114689
newsleader.com	The News Leader	US	114748
thechurchnews.com	Church News	US	115214
palmbeachdailynews.com	Palm Beach Daily News	US	115334
reporternews.com	Abilene Reporter-News	US	115594
catholicnews.com	OSV News	US	115612
afro.com	Baltimore Afro-American	US	115832
gwinnettdailypost.com	Gwinnett Daily Post	US	116530
freethink.com	Freethink	US	116611
smdailyjournal.com	San Mateo Daily Journal	US	116866
dailyillini.com	The Daily Illini	US	116942
heraldtimesonline.com	The Herald-Times	US	117209
laprogressive.com	LA Progressive	US	117257
visaliatimesdelta.com	Visalia Times-Delta	US	117291
amsterdamnews.com	Amsterdam News	US	117578
thestarpress.com	The Star Press	US	117956
portlandtribune.com	News-Times	US	118182
billypenn.com	Billy Penn	US	118235
dailyorange.com	The Daily Orange	US	118744
record-eagle.com	Traverse City Record-Eagle	US	118992
mtstandard.com	The Montana Standard	US	119070
blueridgenow.com	Times-News	US	119155
dronedj.com	Drone DJ	US	119319
newsminer.com	Fairbanks Daily News-Miner	US	119339
thebaltimorebanner.com	Baltimore Banner	US	119341
vineyardgazette.com	Vineyard Gazette	US	119369
centerforpolitics.org	Sabato's Crystal Ball	US	119530
chronicle.augusta.com	The Augusta Chronicle	US	120097
kenoshanews.com	Kenosha News	US	120305
enterprisenews.com	The Enterprise	US	120321
3newsnow.com	KMTV 3 News Now	US	120922
liherald.com	Long Island Herald	US	120977
mndaily.com	Minnesota Daily	US	120990
mansfieldnewsjournal.com	Mansfield News Journal	US	121048
dailyinterlake.com	Daily Inter Lake	US	121229
hometownlife.com	Hometown Life	US	121253
browardpalmbeach.com	New Times Broward	US	121327
mauinews.com	The Maui News	US	121392
yourvalley.net	Daily Sun News	US	121531
lbpost.com	Long Beach Post	US	121588
altoonamirror.com	Altoona Mirror	US	121735
denverite.com	Denverite	US	121787
newsandsentinel.com	The Parkersburg News and Sentinel	US	121987
12newsnow.com	12 News Now	US	122003
floridaphoenix.com	Florida Phoenix	US	122023
tucsonsentinel.com	Tucson Sentinel	US	122074
labornotes.org	Labor Notes	US	122173
houmatoday.com	Houma Today	US	122686
tylerpaper.com	Tyler Morning Telegraph	US	122890
bgdailynews.com	Bowling Green Daily News	US	123261
hawaiitribune-herald.com	Hawaii Tribune-Herald	US	123383
atlanta.capitalbnews.org	Capital B Atlanta	US	123630
sanangelolive.com	San Angelo Live	US	123840
newsadvance.com	The News & Advance	US	124287
tribstar.com	Tribune-Star	US	124302
tucsonweekly.com	Tucson Weekly	US	124357
newspressnow.com	St. Joseph News-Press	US	124637
nny360.com	Watertown Daily Times	US	124853
tdn.com	The Daily News	US	125042
windowsitpro.com	Windows IT Pro	US	125213
telegraphherald.com	Telegraph Herald	US	125229
timesdaily.com	Times Daily	US	125290
insidebayarea.com	The Argus	US	125414
resolver.lrc.macewan.ca	The Buffalo News	US	125516
resolver.macewan.ca	Mecklenburg Times	US	125516
stargazette.com	Star-Gazette	US	125666
recorder.com	The Recorder	US	126237
theappeal.org	Appeal	US	126746
dentonrc.com	Denton Record-Chronicle	US	126958
thesunchronicle.com	The Sun Chronicle	US	127070
themorningnews.org	The Morning News	US	127262
dailydemocrat.com	Daily Democrat	US	127297
timescall.com	Longmont Times-Call	US	127303
trentonian.com	South Jersey Local News	US	127440
hawaiipublicradio.org	Hawaii Public Radio	US	127499
gastongazette.com	Gaston Gazette	US	127634
azcapitoltimes.com	Arizona Capitol Times	US	127816
global.factiva.com	The Olympian	US	127894
semissourian.com	Southeast Missourian	US	128144
nyunews.com	Washington Square News	US	128286
mercedsunstar.com	Merced Sun-Star	US	128289
newsreview.com	News & Review	US	128409
chronline.com	The Chronicle	US	128597
wenatcheeworld.com	The Wenatchee World	US	129045
valdostadailytimes.com	Valdosta Daily Times	US	129195
newarkadvocate.com	The Advocate	US	129239
timesnews.net	Kingsport Times-News	US	129315
thereporter.com	The Reporter	US	129564
theintelligencer.net	The Intelligencer & Wheeling News Register	US	129664
jhnewsandguide.com	Jackson Hole News&Guide	US	129725
dailyjournal.net	Daily Journal	US	130321
swtimes.com	Booneville Democrat	US	130416
libn.com	Long Island Business News	US	130540
apmreports.org	APM Reports	US	130770
metroactive.com	Metro Silicon Valley	US	130818
heraldsun.com	The Herald-Sun	US	130927
timesrecordnews.com	Times Record News	US	130930
ens-newswire.com	Environment News Service	US	130958
idsnews.com	Indiana Daily Student	US	131064
fonts.gstatic.com		UK	5
theguardian.com	The Guardian	UK	191
bbc.com	BBC	UK	208
bbc.co.uk	BBC	UK	223
ft.com	Financial Times	UK	507
telegraph.co.uk	The Telegraph	UK	568
dailymail.co.uk	Daily Mail	UK	609
independent.co.uk	The Independent	UK	670
theconversation.com	The Conversation	UK	1004
goal.com	Goal	UK	1029
tcs.cam.ac.uk	The Cambridge Student	UK	1084
skysports.com	Sky Sports	UK	1121
economist.com	Economist	UK	1161
news.sky.com	Sky News	UK	1965
thesun.co.uk	The Sun	UK	2134
mirror.co.uk	Daily Mirror	UK	2194
express.co.uk	Daily Express	UK	2460
itv.com	ITV News	UK	2498
newscientist.com	New Scientist	UK	2675
thetimes.co.uk	The Times	UK	2857
metro.co.uk	Metro	UK	3088
thetimes.com	The Times	UK	3273
politico.eu	Politico Europe	UK	3511
standard.co.uk	The Standard	UK	3553
channel4.com	Channel 4	UK	4719
huffingtonpost.co.uk	HuffPost UK	UK	6328
gbnews.com	GB News	UK	6574
scotsman.com	Scotsman	UK	7064
nme.com	NME	UK	7122
manchestereveningnews.co.uk	Manchester Evening News	UK	7131
walesonline.co.uk	WalesOnline	UK	8144
theweek.com	The Week	UK	8747
inews.co.uk	i	UK	10260
dailystar.co.uk	Daily Star	UK	10610
newstatesman.com	New Statesman	UK	10768
liverpoolecho.co.uk	Liverpool Echo	UK	10802
radiotimes.com	Radio Times	UK	10897
dailyrecord.co.uk	Daily Record	UK	12053
simpleflying.com	Simple Flying	UK	13157
talksport.com	talkSPORT	UK	13460
opendemocracy.net	openDemocracy	UK	13594
the-independent.com	The Independent	UK	13732
spectator.co.uk	Spectator	UK	13796
heraldscotland.com	The Herald	UK	13904
digitalspy.com	Digital Spy	UK	13995
cityam.com	City A.M.	UK	14794
belfasttelegraph.co.uk	Belfast Telegraph	UK	14945
football365.com	Football365	UK	15028
tes.com	Times Educational Supplement	UK	15057
birminghammail.co.uk	Birmingham Mail	UK	15062
lrb.co.uk	London Review of Books	UK	17102
ladbible.com	LADbible	UK	17923
chroniclelive.co.uk	ChronicleLive	UK	19686
thescottishsun.co.uk	Scottish Sun	UK	23313
bristolpost.co.uk	BristolLive	UK	24432
flightglobal.com	Flight Global	UK	24623
lbc.co.uk	LBC	UK	25649
yorkshirepost.co.uk	The Yorkshire Post	UK	25793
givemesport.com	GiveMeSport	UK	25925
irishnews.com	The Irish News	UK	25972
thepinknews.com	PinkNews	UK	26595
bellingcat.com	Bellingcat	UK	27097
unherd.com	UnHerd	UK	27223
expressandstar.com	Express & Star	UK	28672
thenational.scot	National	UK	28912
newarab.com	The New Arab	UK	28990
thetab.com	The Tab	UK	29812
unilad.com	UNILAD	UK	30106
indy100.com	indy100	UK	30311
kentonline.co.uk	Kent Messenger	UK	30742
edp24.co.uk	Eastern Daily Press	UK	31165
coventrytelegraph.net	CoventryLive	UK	31203
devonlive.com	DevonLive	UK	31910
theargus.co.uk	The Argus	UK	32307
oxfordmail.co.uk	Oxford Mail	UK	32787
thenorthernecho.co.uk	The Northern Echo	UK	32788
alaraby.co.uk	The New Arab	UK	32897
britishnewspaperarchive.co.uk	Freedom	UK	33376
mylondon.news	MyLondon	UK	34326
thestar.co.uk	The Star (Sheffield)	UK	34510
thejc.com	The Jewish Chronicle	UK	34857
nottinghampost.com	Nottinghamshire Live	UK	34943
dailyecho.co.uk	Daily Echo	UK	36121
thecourier.co.uk	The Courier	UK	36231
leicestermercury.co.uk	Leicestershire Live	UK	36841
stokesentinel.co.uk	StokeonTrentLive	UK	37491
bournemouthecho.co.uk	Bournemouth Echo	UK	37826
belfastlive.co.uk	Belfast Live	UK	38193
lancashiretelegraph.co.uk	Lancashire Telegraph	UK	39577
thetelegraphandargus.co.uk	Telegraph & Argus	UK	39694
portsmouth.co.uk	The News (Portsmouth)	UK	40092
yorkpress.co.uk	The Press	UK	40211
glasgowtimes.co.uk	Glasgow Times	UK	41492
pressandjournal.co.uk	The Press and Journal	UK	41618
thegazette.co.uk	The London Gazette	UK	41980
prospectmagazine.co.uk	Prospect	UK	42588
cornwalllive.com	CornwallLive	UK	42902
hulldailymail.co.uk	Hull Live	UK	43215
cambridge-news.co.uk	Cambridgeshire Live	UK	43291
gloucestershirelive.co.uk	GloucestershireLive	UK	43640
gazettelive.co.uk	Evening Gazette	UK	44007
ftchinese.com	Financial Times	UK	45255
plymouthherald.co.uk	PlymouthLive	UK	45365
examinerlive.co.uk	ExaminerLive	UK	45465
alquds.co.uk	Al-Quds Al-Arabi	UK	45876
derbytelegraph.co.uk	Burton Mail	UK	46121
90min.com	90min	UK	46562
lawgazette.co.uk	The Law Society Gazette	UK	48075
bigissue.com	The Big Issue	UK	48163
echo-news.co.uk	The Echo	UK	49762
worcesternews.co.uk	Worcester News	UK	49857
christiantoday.com	Christian Today	UK	50251
swindonadvertiser.co.uk	Swindon Advertiser	UK	50538
quillette.com	Quillette	UK	51194
dorsetecho.co.uk	Dorset Echo	UK	52813
somersetlive.co.uk	Somerset Live	UK	53530
kentlive.news	KentLive	UK	54512
mailonsunday.co.uk	The Mail on Sunday	UK	55141
morningstaronline.co.uk	Morning Star	UK	56078
irishstar.com	Irish Star	UK	56238
joe.co.uk	JOE	UK	58170
essexlive.news	EssexLive	UK	60271
newsletter.co.uk	News Letter	UK	62302
glasgowlive.co.uk	Glasgow Live	UK	62956
nationalworld.com	NationalWorld	UK	63009
lep.co.uk	Lancaster Post	UK	64473
sunderlandecho.com	Sunderland Echo	UK	72295
101greatgoals.com	101 Great Goals	UK	74143
politicshome.com	PoliticsHome	UK	75621
edinburghlive.co.uk	Edinburgh Live	UK	77970
blackpoolgazette.co.uk	Blackpool Gazette	UK	78560
bylinetimes.com	Byline Times	UK	83398
thestage.co.uk	The Stage	UK	83870
leeds-live.co.uk	LeedsLive	UK	84866
lancs.live	LancsLive	UK	89596
lexisnexis.co.uk	Construction Law Journal	UK	90387
politics.co.uk	Politics.co.uk	UK	92578
peterboroughtoday.co.uk	Peterborough Evening Telegraph	UK	98217
nation.cymru	Nation.Cymru	UK	98466
plantbasednews.org	Plant Based News	UK	99577
campaignlive.com	The Campaign	UK	99636
churchtimes.co.uk	Church Times	UK	100481
northamptonchron.co.uk	Northampton Chronicle & Echo	UK	102262
warringtonguardian.co.uk	Warrington Guardian	UK	102811
eveningnews24.co.uk	Norwich Evening News	UK	104710
herefordtimes.com	Hereford Times	UK	107374
shop.exacteditions.com	Times Educational Supplement	UK	117402
exacteditions.com	New Statesman	UK	117402
doncasterfreepress.co.uk	Doncaster Free Press	UK	124319
careers.newsquest.co.uk		UK	125183
newsquest.co.uk		UK	125183
nub.news	Nub News	UK	130411
elaph.com	Elaph	UK	131626
varsity.co.uk	Varsity	UK	136237
yourweather.co.uk	Meteored United Kingdom	UK	145155
tortoisemedia.com	Tortoise	UK	149046
gaystarnews.com	Gay Star News	UK	157011
eveningtimes.co.uk	Glasgow Times	UK	157075
tribunemag.co.uk	Tribune	UK	160226
newsoftheworld.co.uk	News of the World	UK	160903
hertfordshiremercury.co.uk	Hertfordshire Mercury	UK	164058
westerntelegraph.co.uk	Western Telegraph	UK	177337
thewestmorlandgazette.co.uk	The Westmorland Gazette	UK	177654
thescarboroughnews.co.uk	The Scarborough News	UK	178181
sundayherald.com	Sunday Herald	UK	183735
thecurrencyanalytics.com	The Currency Analytics	UK	187079
private-eye.co.uk	Private Eye	UK	195291
theneweuropean.co.uk	The New World	UK	198710
inverness-courier.co.uk	The Inverness Courier	UK	204505
thefootballfaithful.com	The Football Faithful	UK	211753
alarab.co.uk	Al-Arab	UK	236078
wakefieldexpress.co.uk	Wakefield Express	UK	237862
guardian-series.co.uk	Waltham Forest Guardian	UK	239797
lancasterguardian.co.uk	Lancaster Guardian	UK	244679
chesterchronicle.co.uk	Chester Chronicle	UK	247023
wiltshiretimes.co.uk	Wiltshire Times	UK	248470
oxfordstudent.com	The Oxford Student	UK	253598
maidenhead-advertiser.co.uk	Maidenhead Advertiser	UK	255042
southwarknews.co.uk	Southwark News	UK	260470
fifetoday.co.uk	Fife Free Press	UK	262966
dunfermlinepress.com	Dunfermline Press	UK	263373
romfordrecorder.co.uk	Romford Recorder	UK	266105
the5krunner.com	the5krunner	UK	273262
impartialreporter.com	The Impartial Reporter	UK	275391
macclesfield-express.co.uk	Macclesfield Express	UK	276616
newburytoday.co.uk	Newbury Weekly News	UK	279220
cravenherald.co.uk	Craven Herald & Pioneer	UK	294082
darlingtonandstocktontimes.co.uk	Darlington & Stockton Times	UK	296628
thewestonmercury.co.uk	Portishead Times	UK	301625
theboar.org	The Boar	UK	305832
newhamrecorder.co.uk	Newham Recorder	UK	316884
holyrood.com	Holyrood	UK	316986
keighleynews.co.uk	Keighley News	UK	320846
freedomnews.org.uk	Freedom	UK	324906
andoveradvertiser.co.uk	Andover Advertiser	UK	328965
bridportnews.co.uk	Bridport News	UK	331694
thenews.coop	Co-op News	UK	337455
ardrossanherald.com	Ardrossan and Saltcoats Herald	UK	352194
islingtongazette.co.uk	Islington Gazette	UK	360725
tivysideadvertiser.co.uk	Tivyside Advertiser	UK	368454
s1jobs.com		UK	375338
northampton-news-hp.co.uk	Northants Herald & Post	UK	406222
eastlondonadvertiser.co.uk	Docklands and East London Advertiser	UK	416880
menmedia.co.uk	Accrington Observer	UK	422541
henleystandard.co.uk	Henley Standard	UK	433373
bedfordshire-news.co.uk	Bedfordshire on Sunday	UK	438109
richmondandtwickenhamtimes.co.uk	Richmond and Twickenham Times	UK	440902
jobs24.co.uk		UK	448614
palatinate.org.uk	Palatinate	UK	499302
buxtonadvertiser.co.uk	Buxton Advertiser	UK	509428
theoldie.co.uk	Oldie	UK	516387
labourstart.org	LabourStart	UK	521144
eveningtelegraph.co.uk	Evening Telegraph	UK	590804
bathchronicle.co.uk	Bath Chronicle	UK	595964
idler.co.uk	The Idler	UK	641018
localiq.co.uk		UK	715365
manchestermill.co.uk	The Mill	UK	723522
anphoblacht.com	An Phoblacht	UK	738075
eppingforestguardian.co.uk	Epping Forest Guardian	UK	739452
daventryexpress.co.uk	Daventry Express	UK	835635
redbrick.me	Redbrick	UK	859724
sentimentmetrics.com	Sentiment	UK	868316
stornowaygazette.co.uk	Stornoway Gazette	UK	924651
glasgowguardian.co.uk	The Glasgow Guardian	UK	965935
wikitribune.com	WikiTribune	UK	966687
hastingsobserver.co.uk	Hastings & St. Leonards Observer	UK	966749
epigram.org.uk	Epigram	UK	970646