tesco.com	Tesco
sainsburys.co.uk	Sainsbury's
asda.com	Asda
morrisons.com	Morrisons
waitrose.com	Waitrose
ocado.com	Ocado
iceland.co.uk	Iceland
coop.co.uk	Co-op
aldi.co.uk	Aldi UK
lidl.co.uk	Lidl UK
booths.co.uk	Booths
farmfoods.co.uk	Farmfoods
spar.co.uk	Spar UK
costco.co.uk	Costco UK
approvedfood.co.uk	Approved Food
musclefood.com	MuscleFood
gousto.co.uk	Gousto
hellofresh.co.uk	HelloFresh UK
mindfulchef.com	Mindful Chef
riverford.co.uk	Riverford
abelandcole.co.uk	Abel & Cole
donaldrussell.com	Donald Russell
graze.com	Graze
hotelchocolat.com	Hotel Chocolat
thorntons.co.uk	Thorntons
cadburygiftsdirect.co.uk	Cadbury Gifts Direct
whittard.co.uk	Whittard of Chelsea
pactcoffee.com	Pact Coffee
fortnumandmason.com	Fortnum & Mason
majestic.co.uk	Majestic Wine
laithwaites.co.uk	Laithwaites
nakedwines.com	Naked Wines
virginwines.co.uk	Virgin Wines
thewhiskyexchange.com	The Whisky Exchange
masterofmalt.com	Master of Malt
bbr.com	Berry Bros & Rudd
beerhawk.co.uk	Beer Hawk
beer52.com	Beer52
whiskyshop.com	The Whisky Shop
brewdog.com	BrewDog
craftginclub.co.uk	Craft Gin Club
johnlewis.com	John Lewis
marksandspencer.com	Marks & Spencer
next.co.uk	Next
argos.co.uk	Argos
very.co.uk	Very
littlewoods.com	Littlewoods
debenhams.com	Debenhams
fenwick.co.uk	Fenwick
selfridges.com	Selfridges
harrods.com	Harrods
libertylondon.com	Liberty London
harveynichols.com	Harvey Nichols
tkmaxx.com	TK Maxx
houseoffraser.co.uk	House of Fraser
matalan.co.uk	Matalan
thewhitecompany.com	The White Company
theworks.co.uk	The Works
wilko.com	Wilko
poundland.co.uk	Poundland
bmstores.co.uk	B&M
poundstretcher.co.uk	Poundstretcher
homebargains.co.uk	Home Bargains
therange.co.uk	The Range
qvcuk.com	QVC UK
studio.co.uk	Studio
jdwilliams.co.uk	JD Williams
simplybe.co.uk	Simply Be
freemans.com	Freemans
amazon.co.uk	Amazon UK
shein.co.uk	Shein UK
asos.com	ASOS
boohoo.com	boohoo
boohooman.com	BoohooMAN
prettylittlething.com	PrettyLittleThing
nastygal.com	Nasty Gal
missguided.co.uk	Missguided
inthestyle.com	In The Style
riverisland.com	River Island
newlook.com	New Look
primark.com	Primark
zara.com	Zara
hm.com	H&M
cos.com	COS
arket.com	Arket
massimodutti.com	Massimo Dutti
bershka.com	Bershka
uniqlo.com	Uniqlo
matchesfashion.com	Matches
mytheresa.com	Mytheresa
net-a-porter.com	Net-a-Porter
mrporter.com	Mr Porter
theoutnet.com	The Outnet
farfetch.com	Farfetch
brownsfashion.com	Browns
endclothing.com	END Clothing
jdsports.co.uk	JD Sports
sportsdirect.com	Sports Direct
flannels.com	Flannels
usc.co.uk	USC
scottsmenswear.com	Scotts Menswear
tessuti.co.uk	Tessuti
cruisefashion.com	Cruise Fashion
superdry.com	Superdry
joules.com	Joules
whitestuff.com	White Stuff
seasaltcornwall.com	Seasalt Cornwall
fatface.com	FatFace
barbour.com	Barbour
crewclothing.co.uk	Crew Clothing
jackwills.com	Jack Wills
allsaints.com	AllSaints
reiss.com	Reiss
tedbaker.com	Ted Baker
whistles.com	Whistles
hobbs.com	Hobbs
lkbennett.com	LK Bennett
karenmillen.com	Karen Millen
phase-eight.com	Phase Eight
monsoon.co.uk	Monsoon
accessorize.com	Accessorize
cathkidston.com	Cath Kidston
radley.co.uk	Radley London
mulberry.com	Mulberry
burberry.com	Burberry
aspinaloflondon.com	Aspinal of London
tmlewin.co.uk	T.M.Lewin
charlestyrwhitt.com	Charles Tyrwhitt
hawesandcurtis.co.uk	Hawes & Curtis
moss.co.uk	Moss
suitdirect.co.uk	Suit Direct
slaters.co.uk	Slater Menswear
burton.co.uk	Burton
dorothyperkins.com	Dorothy Perkins
wallis.co.uk	Wallis
topshop.com	Topshop
missselfridge.com	Miss Selfridge
yoursclothing.co.uk	Yours Clothing
peacocks.co.uk	Peacocks
quizclothing.co.uk	Quiz Clothing
cottontraders.com	Cotton Traders
boden.co.uk	Boden
mintvelvet.co.uk	Mint Velvet
jigsaw-online.com	Jigsaw
frenchconnection.com	French Connection
oliverbonas.com	Oliver Bonas
finisterre.com	Finisterre
laredoute.co.uk	La Redoute UK
mandmdirect.com	M and M Direct
brandalley.co.uk	BrandAlley
secretsales.com	Secret Sales
coggles.com	Coggles
allsole.com	AllSole
zavvi.com	Zavvi
thehut.com	The Hut
iwoot.com	IWOOT
gymshark.com	Gymshark
castore.com	Castore
lululemon.co.uk	Lululemon UK
sweatybetty.com	Sweaty Betty
underarmour.co.uk	Under Armour UK
nike.com	Nike
adidas.co.uk	Adidas UK
puma.com	Puma
newbalance.co.uk	New Balance UK
levi.com	Levi's
urbanoutfitters.com	Urban Outfitters
anthropologie.com	Anthropologie
abercrombie.com	Abercrombie & Fitch
tommy.com	Tommy Hilfiger
calvinklein.co.uk	Calvin Klein UK
ralphlauren.co.uk	Ralph Lauren UK
lacoste.com	Lacoste
hugoboss.com	Hugo Boss
paulsmith.com	Paul Smith
belstaff.com	Belstaff
hackett.com	Hackett London
fredperry.com	Fred Perry
carhartt-wip.com	Carhartt WIP
patagonia.com	Patagonia
thenorthface.co.uk	The North Face UK
mountainwarehouse.com	Mountain Warehouse
regatta.com	Regatta
craghoppers.com	Craghoppers
trespass.com	Trespass
berghaus.com	Berghaus
bouxavenue.com	Boux Avenue
annsummers.com	Ann Summers
lovehoney.co.uk	Lovehoney
victoriassecret.co.uk	Victoria's Secret UK
schuh.co.uk	Schuh
clarks.co.uk	Clarks
office.co.uk	Office
drmartens.com	Dr Martens
footasylum.com	Footasylum
size.co.uk	size?
shoezone.com	Shoe Zone
deichmann.com	Deichmann
kurtgeiger.com	Kurt Geiger
dunelondon.com	Dune London
russellandbromley.co.uk	Russell & Bromley
skechers.co.uk	Skechers UK
crocs.co.uk	Crocs UK
vans.co.uk	Vans UK
converse.com	Converse
timberland.co.uk	Timberland UK
ugg.com	UGG
birkenstock.com	Birkenstock
fitflop.com	FitFlop
boots.com	Boots
superdrug.com	Superdrug
savers.co.uk	Savers
lookfantastic.com	LookFantastic
cultbeauty.co.uk	Cult Beauty
feelunique.com	Feelunique
thebodyshop.com	The Body Shop
spacenk.com	Space NK
hollandandbarrett.com	Holland & Barrett
beautybay.com	Beauty Bay
sephora.co.uk	Sephora UK
theperfumeshop.com	The Perfume Shop
thefragranceshop.co.uk	The Fragrance Shop
escentual.com	Escentual
allbeauty.com	allbeauty
fragrancedirect.co.uk	Fragrance Direct
notino.co.uk	Notino UK
mankind.co.uk	Mankind
lush.com	Lush
moltonbrown.co.uk	Molton Brown
charlottetilbury.com	Charlotte Tilbury
elemis.com	Elemis
lizearle.com	Liz Earle
rituals.com	Rituals
neomorganics.com	Neom Organics
deciem.com	Deciem
theordinary.com	The Ordinary
clinique.co.uk	Clinique UK
esteelauder.co.uk	Estee Lauder UK
maccosmetics.co.uk	MAC Cosmetics UK
benefitcosmetics.com	Benefit Cosmetics
chemist4u.com	Chemist4U
pharmacy2u.co.uk	Pharmacy2U
myvitamins.com	Myvitamins
vitabiotics.com	Vitabiotics
healthspan.co.uk	Healthspan
bulk.com	Bulk
proteinworks.com	The Protein Works
grenade.com	Grenade
scienceinsport.com	Science in Sport
myprotein.com	Myprotein
glassesdirect.co.uk	Glasses Direct
specsavers.co.uk	Specsavers
visionexpress.com	Vision Express
selectspecs.com	SelectSpecs
lenstore.co.uk	Lenstore
feelgoodcontacts.com	Feel Good Contacts
visiondirect.co.uk	Vision Direct
sunglasshut.com	Sunglass Hut
currys.co.uk	Currys
ao.com	AO
scan.co.uk	Scan Computers
overclockers.co.uk	Overclockers UK
ebuyer.com	Ebuyer
novatech.co.uk	Novatech
box.co.uk	Box
richersounds.com	Richer Sounds
cclonline.com	CCL Computers
laptopsdirect.co.uk	Laptops Direct
appliancesdirect.co.uk	Appliances Direct
chillblast.com	Chillblast
pcspecialist.co.uk	PC Specialist
apple.com	Apple
samsung.com	Samsung
maplin.co.uk	Maplin
markselectrical.co.uk	Marks Electrical
hughes.co.uk	Hughes
euronics.co.uk	Euronics UK
ssav.com	Sevenoaks Sound & Vision
espares.co.uk	eSpares
backmarket.co.uk	Back Market UK
musicmagpie.co.uk	musicMagpie
cex.co.uk	CeX
rapidonline.com	Rapid Electronics
farnell.com	Farnell
thepihut.com	The Pi Hut
pimoroni.com	Pimoroni
wexphotovideo.com	Wex Photo Video
parkcameras.com	Park Cameras
jessops.com	Jessops
mpb.com	MPB
gear4music.com	Gear4music
andertons.co.uk	Andertons Music
pmtonline.co.uk	PMT Online
guitarguitar.co.uk	GuitarGuitar
juno.co.uk	Juno Records
roughtrade.com	Rough Trade
hmv.com	HMV
game.co.uk	GAME
smythstoys.com	Smyths Toys
shopto.net	ShopTo
nintendo.co.uk	Nintendo UK
gamesworkshop.com	Games Workshop
elementgames.co.uk	Element Games
waylandgames.co.uk	Wayland Games
forbiddenplanet.com	Forbidden Planet
menkind.co.uk	Menkind
firebox.com	Firebox
waterstones.com	Waterstones
whsmith.co.uk	WHSmith
worldofbooks.com	World of Books
blackwells.co.uk	Blackwell's
abebooks.co.uk	AbeBooks UK
thetoyshop.com	The Entertainer
hamleys.com	Hamleys
lego.com	LEGO
buildabear.co.uk	Build-A-Bear UK
wickeduncle.co.uk	Wicked Uncle
outdoortoys.com	Outdoor Toys
railsofsheffield.com	Rails of Sheffield
gaugemaster.com	Gaugemaster
wonderlandmodels.com	Wonderland Models
modelsport.co.uk	Modelsport UK
jadlamracingmodels.com	Jadlam Toys & Models
mamasandpapas.com	Mamas & Papas
mothercare.com	Mothercare
jojomamanbebe.co.uk	JoJo Maman Bebe
kiddies-kingdom.com	Kiddies Kingdom
online4baby.com	Online4baby
uberkids.co.uk	Uber Kids
naturalbabyshower.co.uk	Natural Baby Shower
babipur.co.uk	Babipur
frugi.co.uk	Frugi
roomtogrow.co.uk	Room to Grow
ikea.com	IKEA
dunelm.com	Dunelm
made.com	Made.com
wayfair.co.uk	Wayfair UK
furniturevillage.co.uk	Furniture Village
dfs.co.uk	DFS
sofology.co.uk	Sofology
scs.co.uk	ScS
sofa.com	Sofa.com
loaf.com	Loaf
heals.com	Heal's
habitat.co.uk	Habitat
oakfurnitureland.co.uk	Oak Furnitureland
barkerandstonehouse.co.uk	Barker and Stonehouse
cotswoldco.com	The Cotswold Company
amara.com	Amara
cuckooland.com	Cuckooland
bensonsforbeds.co.uk	Bensons for Beds
dreams.co.uk	Dreams
mattressonline.co.uk	Mattress Online
emma-mattress.co.uk	Emma Mattress UK
simbasleep.com	Simba Sleep
lakeland.co.uk	Lakeland
procook.co.uk	ProCook
denbypottery.com	Denby Pottery
emmabridgewater.co.uk	Emma Bridgewater
lecreuset.co.uk	Le Creuset UK
robertdyas.co.uk	Robert Dyas
hillarys.co.uk	Hillarys
blinds2go.co.uk	Blinds 2go
carpetright.co.uk	Carpetright
tapi.co.uk	Tapi Carpets
flooringsuperstore.com	Flooring Superstore
ukflooringdirect.co.uk	UK Flooring Direct
wallsandfloors.co.uk	Walls and Floors
toppstiles.co.uk	Topps Tiles
wallpaperdirect.com	Wallpaperdirect
grahambrown.com	Graham & Brown
farrow-ball.com	Farrow & Ball
duluxdecoratorcentre.co.uk	Dulux Decorator Centre
brewers.co.uk	Brewers Decorator Centres
screwfix.com	Screwfix
toolstation.com	Toolstation
wickes.co.uk	Wickes
diy.com	B&Q
homebase.co.uk	Homebase
tradepoint.co.uk	TradePoint
travisperkins.co.uk	Travis Perkins
jewson.co.uk	Jewson
ironmongerydirect.co.uk	IronmongeryDirect
electricaldirect.co.uk	ElectricalDirect
victorianplumbing.co.uk	Victorian Plumbing
victoriaplum.com	Victoria Plum
plumbworld.co.uk	Plumbworld
soak.com	Soak.com
cityplumbing.co.uk	City Plumbing
plumbnation.co.uk	PlumbNation
wolseley.co.uk	Wolseley
bes.co.uk	BES
tlc-direct.co.uk	TLC Direct
cef.co.uk	CEF
yesss.co.uk	YESSS Electrical
edmundson-electrical.co.uk	Edmundson Electrical
rs-online.com	RS
cromwell.co.uk	Cromwell Tools
zoro.co.uk	Zoro UK
machinemart.co.uk	Machine Mart
itsplc.com	ITS
ffx.co.uk	FFX
tooled-up.com	Tooled-Up
axminstertools.com	Axminster Tools
toolstop.co.uk	Toolstop
powertoolworld.co.uk	Power Tool World
dm-tools.co.uk	D&M Tools
arco.co.uk	Arco
seton.co.uk	Seton
slingsby.com	Slingsby
bigdug.co.uk	BiGDUG
key.co.uk	Key Industrial Equipment
manutan.co.uk	Manutan UK
weldingsuppliesdirect.co.uk	Welding Supplies Direct
weldequip.com	WeldEquip
weldingandwelder.com	Welding and Welder
boconline.co.uk	BOC
gardeningexpress.co.uk	Gardening Express
crocus.co.uk	Crocus
primrose.co.uk	Primrose
thompson-morgan.com	Thompson & Morgan
suttons.co.uk	Suttons
gardeningdirect.co.uk	Gardening Direct
davidaustinroses.co.uk	David Austin Roses
waltons.co.uk	Waltons
petsathome.com	Pets at Home
zooplus.co.uk	zooplus UK
vetuk.co.uk	VetUK
monsterpetsupplies.co.uk	Monster Pet Supplies
petplanet.co.uk	PetPlanet
viovet.co.uk	VioVet
petdrugsonline.co.uk	Pet Drugs Online
jollyes.co.uk	Jollyes
lilyskitchen.co.uk	Lily's Kitchen
tails.com	Tails.com
butternutbox.com	Butternut Box
decathlon.co.uk	Decathlon UK
halfords.com	Halfords
evanscycles.com	Evans Cycles
chainreactioncycles.com	Chain Reaction Cycles
wiggle.co.uk	Wiggle
tredz.co.uk	Tredz
ribblecycles.co.uk	Ribble Cycles
rutlandcycling.com	Rutland Cycling
sigmasports.com	Sigma Sports
leisurelakesbikes.com	Leisure Lakes Bikes
merlincycles.com	Merlin Cycles
planetx.co.uk	Planet X
cyclestore.co.uk	Cyclestore
tweekscycles.com	Tweeks Cycles
hargrovescycles.co.uk	Hargroves Cycles
brompton.com	Brompton
specialized.com	Specialized
trekbikes.com	Trek Bikes
canyon.com	Canyon
cotswoldoutdoor.com	Cotswold Outdoor
snowandrock.com	Snow+Rock
runnersneed.com	Runners Need
blacks.co.uk	Blacks
millets.co.uk	Millets
gooutdoors.co.uk	Go Outdoors
ellis-brigham.com	Ellis Brigham
alpinetrek.co.uk	Alpinetrek
outdoorworlddirect.co.uk	Outdoor World Direct
winfieldsoutdoors.co.uk	Winfields Outdoors
simplyhike.co.uk	Simply Hike
leisureshopdirect.com	Leisure Shop Direct
towsure.com	Towsure
sportsshoes.com	SportsShoes.com
lovellsoccer.co.uk	Lovell Soccer
prodirectsport.com	Pro:Direct Sport
kitbag.com	Kitbag
newitts.com	Newitts
lovellrugby.co.uk	Lovell Rugby
rugbystore.co.uk	Rugbystore
americangolf.co.uk	American Golf
onlinegolf.co.uk	OnlineGolf
golfonline.co.uk	GolfOnline
scottsdalegolf.co.uk	Scottsdale Golf
clubhousegolf.co.uk	Clubhouse Golf
anglingdirect.co.uk	Angling Direct
fishingmegastore.com	Glasgow Angling Centre
uttings.co.uk	Uttings
sportsmanguncentre.co.uk	Sportsman Gun Centre
powerhouse-fitness.co.uk	Powerhouse Fitness
fitness-superstore.co.uk	Fitness Superstore
mirafit.co.uk	Mirafit
jtxfitness.com	JTX Fitness
wetsuitoutlet.co.uk	Wetsuit Outlet
surfdome.com	Surfdome
absolute-snow.co.uk	Absolute Snow
eurocarparts.com	Euro Car Parts
carparts4less.co.uk	Car Parts 4 Less
gsfcarparts.com	GSF Car Parts
mister-auto.co.uk	Mister Auto UK
autodoc.co.uk	Autodoc UK
micksgarage.com	MicksGarage
opieoils.co.uk	Opie Oils
demontweeks.co.uk	Demon Tweeks
sportsbikeshop.co.uk	Sportsbikeshop
getgeared.co.uk	GetGeared
mandp.co.uk	M&P Direct
infinitymotorcycles.com	Infinity Motorcycles
jsaccessories.co.uk	J&S Accessories
blackcircles.com	Black Circles
etyres.co.uk	etyres
protyre.co.uk	Protyre
kwik-fit.com	Kwik Fit
oponeo.co.uk	Oponeo
tayna.co.uk	Tayna Batteries
batterymegastore.co.uk	Battery Megastore
cinch.co.uk	Cinch
motorpoint.co.uk	Motorpoint
pandora.net	Pandora
hsamuel.co.uk	H. Samuel
ernestjones.co.uk	Ernest Jones
goldsmiths.co.uk	Goldsmiths
beaverbrooks.co.uk	Beaverbrooks
fhinds.co.uk	F.Hinds
warrenjames.co.uk	Warren James
chisholmhunter.co.uk	Chisholm Hunter
thomassabo.com	Thomas Sabo
swarovski.com	Swarovski
missoma.com	Missoma
astleyclarke.com	Astley Clarke
monicavinader.com	Monica Vinader
77diamonds.com	77 Diamonds
watchshop.com	Watch Shop
watches2u.com	Watches2U
firstclasswatches.co.uk	First Class Watches
watchesofswitzerland.co.uk	Watches of Switzerland
samsonite.co.uk	Samsonite UK
antler.co.uk	Antler
tripp.co.uk	Tripp
interflora.co.uk	Interflora
bloomandwild.com	Bloom & Wild
appleyardflowers.com	Appleyard Flowers
serenataflowers.com	Serenata Flowers
arenaflowers.com	Arena Flowers
prestigeflowers.co.uk	Prestige Flowers
eflorist.co.uk	eFlorist
flyingflowers.co.uk	Flying Flowers
freddiesflowers.com	Freddie's Flowers
moonpig.com	Moonpig
funkypigeon.com	Funky Pigeon
thortful.com	Thortful
cardfactory.co.uk	Card Factory
clintons.co.uk	Clintons
scribbler.com	Scribbler
papier.com	Papier
notonthehighstreet.com	notonthehighstreet
gettingpersonal.co.uk	Getting Personal
prezzybox.com	Prezzybox
bagsoflove.co.uk	Bags of Love
photobox.co.uk	Photobox
snapfish.co.uk	Snapfish UK
cewe.co.uk	CEWE UK
partydelights.co.uk	Party Delights
partypieces.co.uk	Party Pieces
ebay.co.uk	eBay UK
etsy.com	Etsy
gumtree.com	Gumtree
vinted.co.uk	Vinted UK
depop.com	Depop
onbuy.com	OnBuy
wowcher.co.uk	Wowcher
groupon.co.uk	Groupon UK
preloved.co.uk	Preloved
shpock.com	Shpock
vestiairecollective.com	Vestiaire Collective
viking-direct.co.uk	Viking Direct
ryman.co.uk	Ryman
staples.co.uk	Staples UK
euroffice.co.uk	Euroffice
lyreco.com	Lyreco UK
vistaprint.co.uk	Vistaprint UK
moo.com	MOO
instantprint.co.uk	instantprint
solopress.com	Solopress
printed.com	Printed.com
hobbycraft.co.uk	Hobbycraft
cassart.co.uk	Cass Art
jacksonsart.com	Jackson's Art Supplies
greatart.co.uk	GreatArt
crafterscompanion.co.uk	Crafter's Companion
woolwarehouse.co.uk	Wool Warehouse
lovecrafts.com	LoveCrafts
deramores.com	Deramores
completecareshop.co.uk	Complete Care Shop
nrshealthcare.co.uk	NRS Healthcare
careco.co.uk	CareCo
smol.com	Smol
vapesuperstore.co.uk	Vape Superstore
vapeclub.co.uk	Vape Club
