amazon.com	Amazon
walmart.com	Walmart
target.com	Target
ebay.com	eBay
etsy.com	Etsy
wayfair.com	Wayfair
overstock.com	Overstock
temu.com	Temu
shein.com	SHEIN
aliexpress.com	AliExpress
wish.com	Wish
mercari.com	Mercari
poshmark.com	Poshmark
depop.com	Depop
thredup.com	ThredUp
therealreal.com	The RealReal
vinted.com	Vinted
offerup.com	OfferUp
zulily.com	Zulily
groupon.com	Groupon
bonanza.com	Bonanza
rakuten.com	Rakuten
alibaba.com	Alibaba
dhgate.com	DHgate
faire.com	Faire
qvc.com	QVC
hsn.com	HSN
jtv.com	Jewelry Television
zappos.com	Zappos
6pm.com	6pm
woot.com	Woot
shopgoodwill.com	ShopGoodwill
stockx.com	StockX
goat.com	GOAT
flightclub.com	Flight Club
grailed.com	Grailed
stadiumgoods.com	Stadium Goods
1stdibs.com	1stDibs
chairish.com	Chairish
tcgplayer.com	TCGplayer
macys.com	Macy's
bloomingdales.com	Bloomingdale's
nordstrom.com	Nordstrom
nordstromrack.com	Nordstrom Rack
kohls.com	Kohl's
dillards.com	Dillard's
belk.com	Belk
boscovs.com	Boscov's
vonmaur.com	Von Maur
jcpenney.com	JCPenney
sears.com	Sears
kmart.com	Kmart
saksfifthavenue.com	Saks Fifth Avenue
saksoff5th.com	Saks OFF 5TH
neimanmarcus.com	Neiman Marcus
bergdorfgoodman.com	Bergdorf Goodman
biglots.com	Big Lots
dollargeneral.com	Dollar General
dollartree.com	Dollar Tree
familydollar.com	Family Dollar
fivebelow.com	Five Below
ollies.us	Ollie's Bargain Outlet
burlington.com	Burlington
tjmaxx.com	T.J.Maxx
marshalls.com	Marshalls
sierra.com	Sierra
costco.com	Costco
samsclub.com	Sam's Club
bjs.com	BJ's Wholesale Club
bestbuy.com	Best Buy
homedepot.com	The Home Depot
lowes.com	Lowe's
menards.com	Menards
acehardware.com	Ace Hardware
truevalue.com	True Value
doitbest.com	Do it Best
harborfreight.com	Harbor Freight Tools
northerntool.com	Northern Tool + Equipment
tractorsupply.com	Tractor Supply
ruralking.com	Rural King
fleetfarm.com	Fleet Farm
newegg.com	Newegg
bhphotovideo.com	B&H Photo Video
adorama.com	Adorama
microcenter.com	Micro Center
crutchfield.com	Crutchfield
abt.com	Abt Electronics
pcrichard.com	P.C. Richard & Son
monoprice.com	Monoprice
backmarket.com	Back Market
gazelle.com	Gazelle
swappa.com	Swappa
decluttr.com	Decluttr
ifixit.com	iFixit
gamestop.com	GameStop
playstation.com	PlayStation
xbox.com	Xbox
nintendo.com	Nintendo
apple.com	Apple
microsoft.com	Microsoft
dell.com	Dell
hp.com	HP
lenovo.com	Lenovo
samsung.com	Samsung
lg.com	LG
sony.com	Sony
asus.com	ASUS
razer.com	Razer
corsair.com	Corsair
steelseries.com	SteelSeries
hyperx.com	HyperX
turtlebeach.com	Turtle Beach
logitech.com	Logitech
belkin.com	Belkin
anker.com	Anker
crucial.com	Crucial
netgear.com	NETGEAR
tp-link.com	TP-Link
eero.com	eero
ui.com	Ubiquiti
ring.com	Ring
arlo.com	Arlo
simplisafe.com	SimpliSafe
wyze.com	Wyze
ecobee.com	ecobee
govee.com	Govee
sonos.com	Sonos
bose.com	Bose
jbl.com	JBL
beatsbydre.com	Beats by Dre
audio-technica.com	Audio-Technica
shure.com	Shure
klipsch.com	Klipsch
discogs.com	Discogs
gopro.com	GoPro
dji.com	DJI
insta360.com	Insta360
garmin.com	Garmin
fitbit.com	Fitbit
whoop.com	WHOOP
peakdesign.com	Peak Design
bambulab.com	Bambu Lab
creality.com	Creality
sparkfun.com	SparkFun
adafruit.com	Adafruit
sweetwater.com	Sweetwater
guitarcenter.com	Guitar Center
musiciansfriend.com	Musician's Friend
reverb.com	Reverb
gap.com	Gap
gapfactory.com	Gap Factory
oldnavy.com	Old Navy
bananarepublic.com	Banana Republic
athleta.com	Athleta
jcrew.com	J.Crew
jcrewfactory.com	J.Crew Factory
madewell.com	Madewell
uniqlo.com	Uniqlo
zara.com	Zara
hm.com	H&M
mango.com	Mango
asos.com	ASOS
boohoo.com	boohoo
prettylittlething.com	PrettyLittleThing
nastygal.com	Nasty Gal
fashionnova.com	Fashion Nova
lulus.com	Lulus
revolve.com	Revolve
shopbop.com	Shopbop
ssense.com	SSENSE
farfetch.com	Farfetch
mytheresa.com	Mytheresa
net-a-porter.com	NET-A-PORTER
mrporter.com	MR PORTER
gilt.com	Gilt
ruelala.com	Rue La La
express.com	Express
abercrombie.com	Abercrombie & Fitch
hollisterco.com	Hollister
ae.com	American Eagle Outfitters
aerie.com	Aerie
urbanoutfitters.com	Urban Outfitters
anthropologie.com	Anthropologie
freepeople.com	Free People
nuuly.com	Nuuly
forever21.com	Forever 21
torrid.com	Torrid
eloquii.com	ELOQUII
lanebryant.com	Lane Bryant
chicos.com	Chico's
whitehouseblackmarket.com	White House Black Market
talbots.com	Talbots
anntaylor.com	Ann Taylor
loft.com	LOFT
victoriassecret.com	Victoria's Secret
aeropostale.com	Aeropostale
pacsun.com	PacSun
tillys.com	Tilly's
zumiez.com	Zumiez
buckle.com	Buckle
maurices.com	maurices
justfab.com	JustFab
shoedazzle.com	ShoeDazzle
fabletics.com	Fabletics
savagex.com	Savage X Fenty
landsend.com	Lands' End
llbean.com	L.L.Bean
eddiebauer.com	Eddie Bauer
duluthtrading.com	Duluth Trading Company
carhartt.com	Carhartt
dickies.com	Dickies
wrangler.com	Wrangler
lee.com	Lee Jeans
levi.com	Levi's
truereligion.com	True Religion
luckybrand.com	Lucky Brand
rag-bone.com	rag & bone
theory.com	Theory
brooksbrothers.com	Brooks Brothers
josbank.com	Jos. A. Bank
menswearhouse.com	Men's Wearhouse
suitsupply.com	Suitsupply
indochino.com	Indochino
bonobos.com	Bonobos
untuckit.com	UNTUCKit
chubbiesshorts.com	Chubbies
vineyardvines.com	vineyard vines
tommybahama.com	Tommy Bahama
huckberry.com	Huckberry
bespokepost.com	Bespoke Post
everlane.com	Everlane
quince.com	Quince
thereformation.com	Reformation
aritzia.com	Aritzia
lululemon.com	lululemon
aloyoga.com	Alo Yoga
vuoriclothing.com	Vuori
outdoorvoices.com	Outdoor Voices
gymshark.com	Gymshark
patagonia.com	Patagonia
thenorthface.com	The North Face
columbia.com	Columbia Sportswear
arcteryx.com	Arc'teryx
cotopaxi.com	Cotopaxi
canadagoose.com	Canada Goose
burton.com	Burton
hottopic.com	Hot Topic
boxlunch.com	BoxLunch
spencersonline.com	Spencer's
shopdisney.com	shopDisney
kith.com	Kith
supremenewyork.com	Supreme
jimmyjazz.com	Jimmy Jazz
dtlr.com	DTLR
snipesusa.com	SNIPES USA
calvinklein.com	Calvin Klein
tommy.com	Tommy Hilfiger
ralphlauren.com	Ralph Lauren
lacoste.com	Lacoste
hugoboss.com	HUGO BOSS
guess.com	GUESS
diesel.com	Diesel
armani.com	Armani
gucci.com	Gucci
prada.com	Prada
louisvuitton.com	Louis Vuitton
chanel.com	Chanel
hermes.com	Hermes
dior.com	Dior
burberry.com	Burberry
versace.com	Versace
balenciaga.com	Balenciaga
saintlaurent.com	Saint Laurent
moncler.com	Moncler
coach.com	Coach
katespade.com	Kate Spade New York
michaelkors.com	Michael Kors
toryburch.com	Tory Burch
verabradley.com	Vera Bradley
tumi.com	TUMI
samsonite.com	Samsonite
awaytravel.com	Away
osprey.com	Osprey
thule.com	Thule
skims.com	SKIMS
spanx.com	SPANX
thirdlove.com	ThirdLove
knix.com	Knix
mackweldon.com	Mack Weldon
tommyjohn.com	Tommy John
meundies.com	MeUndies
hanes.com	Hanes
fruitoftheloom.com	Fruit of the Loom
jockey.com	Jockey
bombas.com	Bombas
smartwool.com	Smartwool
nike.com	Nike
adidas.com	adidas
puma.com	PUMA
reebok.com	Reebok
underarmour.com	Under Armour
newbalance.com	New Balance
asics.com	ASICS
brooksrunning.com	Brooks Running
saucony.com	Saucony
hoka.com	HOKA
on-running.com	On Running
skechers.com	Skechers
crocs.com	Crocs
birkenstock.com	Birkenstock
ugg.com	UGG
keenfootwear.com	KEEN Footwear
merrell.com	Merrell
salomon.com	Salomon
danner.com	Danner
redwingshoes.com	Red Wing Shoes
thursdayboots.com	Thursday Boot Company
wolverine.com	Wolverine
timberland.com	Timberland
drmartens.com	Dr. Martens
colehaan.com	Cole Haan
vans.com	Vans
converse.com	Converse
allbirds.com	Allbirds
rothys.com	Rothy's
toms.com	TOMS
heydude.com	HEYDUDE
footlocker.com	Foot Locker
finishline.com	Finish Line
jdsports.com	JD Sports
hibbett.com	Hibbett Sports
dsw.com	DSW
famousfootwear.com	Famous Footwear
shoecarnival.com	Shoe Carnival
sephora.com	Sephora
ulta.com	Ulta Beauty
bluemercury.com	Bluemercury
sallybeauty.com	Sally Beauty
dermstore.com	Dermstore
glossier.com	Glossier
fentybeauty.com	Fenty Beauty
rarebeauty.com	Rare Beauty
kyliecosmetics.com	Kylie Cosmetics
elfcosmetics.com	e.l.f. Cosmetics
maybelline.com	Maybelline New York
lorealparisusa.com	L'Oreal Paris USA
covergirl.com	COVERGIRL
revlon.com	Revlon
nyxcosmetics.com	NYX Professional Makeup
urbandecay.com	Urban Decay
toofaced.com	Too Faced
benefitcosmetics.com	Benefit Cosmetics
tartecosmetics.com	tarte cosmetics
anastasiabeverlyhills.com	Anastasia Beverly Hills
morphe.com	Morphe
colourpop.com	ColourPop
charlottetilbury.com	Charlotte Tilbury
maccosmetics.com	MAC Cosmetics
bobbibrowncosmetics.com	Bobbi Brown Cosmetics
esteelauder.com	Estee Lauder
clinique.com	Clinique
tatcha.com	Tatcha
drunkelephant.com	Drunk Elephant
theordinary.com	The Ordinary
deciem.com	DECIEM
paulaschoice.com	Paula's Choice
skinceuticals.com	SkinCeuticals
laroche-posay.us	La Roche-Posay
cerave.com	CeraVe
neutrogena.com	Neutrogena
kiehls.com	Kiehl's
thebodyshop.com	The Body Shop
bathandbodyworks.com	Bath & Body Works
yankeecandle.com	Yankee Candle
fragrancenet.com	FragranceNet
ipsy.com	IPSY
fabfitfun.com	FabFitFun
olaplex.com	Olaplex
madisonreed.com	Madison Reed
harrys.com	Harry's
dollarshaveclub.com	Dollar Shave Club
gillette.com	Gillette
quip.com	quip
manscaped.com	MANSCAPED
drsquatch.com	Dr. Squatch
curology.com	Curology
ikea.com	IKEA
ashleyfurniture.com	Ashley Furniture
allmodern.com	AllModern
article.com	Article
burrow.com	Burrow
roomandboard.com	Room & Board
cb2.com	CB2
crateandbarrel.com	Crate & Barrel
potterybarn.com	Pottery Barn
westelm.com	West Elm
williams-sonoma.com	Williams Sonoma
serenaandlily.com	Serena & Lily
rh.com	RH
arhaus.com	Arhaus
ethanallen.com	Ethan Allen
lazboy.com	La-Z-Boy
raymourflanigan.com	Raymour & Flanigan
mybobs.com	Bob's Discount Furniture
roomstogo.com	Rooms To Go
livingspaces.com	Living Spaces
athome.com	At Home
worldmarket.com	World Market
lampsplus.com	Lamps Plus
rugsusa.com	Rugs USA
ruggable.com	Ruggable
brooklinen.com	Brooklinen
parachutehome.com	Parachute
casper.com	Casper
purple.com	Purple
saatva.com	Saatva
tuftandneedle.com	Tuft & Needle
nectarsleep.com	Nectar Sleep
helixsleep.com	Helix Sleep
mattressfirm.com	Mattress Firm
sleepnumber.com	Sleep Number
tempurpedic.com	Tempur-Pedic
bedbathandbeyond.com	Bed Bath & Beyond
containerstore.com	The Container Store
simplehuman.com	simplehuman
oxo.com	OXO
cuisinart.com	Cuisinart
kitchenaid.com	KitchenAid
ninjakitchen.com	Ninja Kitchen
sharkclean.com	Shark
dyson.com	Dyson
irobot.com	iRobot
vitamix.com	Vitamix
breville.com	Breville
lodgecastiron.com	Lodge Cast Iron
lecreuset.com	Le Creuset
madeincookware.com	Made In Cookware
hexclad.com	HexClad
surlatable.com	Sur La Table
webstaurantstore.com	WebstaurantStore
weber.com	Weber
traeger.com	Traeger
solostove.com	Solo Stove
ooni.com	Ooni
build.com	Build.com
ferguson.com	Ferguson
sherwin-williams.com	Sherwin-Williams
flooranddecor.com	Floor & Decor
hermanmiller.com	Herman Miller
fastgrowingtrees.com	Fast Growing Trees
instacart.com	Instacart
freshdirect.com	FreshDirect
thrivemarket.com	Thrive Market
hellofresh.com	HelloFresh
blueapron.com	Blue Apron
homechef.com	Home Chef
factor75.com	Factor
misfitsmarket.com	Misfits Market
hmart.com	H Mart
kroger.com	Kroger
albertsons.com	Albertsons
safeway.com	Safeway
publix.com	Publix
wegmans.com	Wegmans
heb.com	H-E-B
meijer.com	Meijer
sprouts.com	Sprouts Farmers Market
wholefoodsmarket.com	Whole Foods Market
aldi.us	ALDI US
shoprite.com	ShopRite
hyvee.com	Hy-Vee
gopuff.com	Gopuff
totalwine.com	Total Wine & More
wine.com	Wine.com
bevmo.com	BevMo!
flaviar.com	Flaviar
starbucks.com	Starbucks
peets.com	Peet's Coffee
bluebottlecoffee.com	Blue Bottle Coffee
keurig.com	Keurig
omahasteaks.com	Omaha Steaks
butcherbox.com	ButcherBox
goldbelly.com	Goldbelly
harryanddavid.com	Harry & David
sees.com	See's Candies
godiva.com	Godiva
nuts.com	Nuts.com
kingarthurbaking.com	King Arthur Baking
huel.com	Huel
soylent.com	Soylent
chewy.com	Chewy
petco.com	Petco
petsmart.com	PetSmart
petsuppliesplus.com	Pet Supplies Plus
bark.co	BARK
thefarmersdog.com	The Farmer's Dog
1800petmeds.com	1-800-PetMeds
dickssportinggoods.com	DICK'S Sporting Goods
academy.com	Academy Sports + Outdoors
sportsmans.com	Sportsman's Warehouse
basspro.com	Bass Pro Shops
cabelas.com	Cabela's
scheels.com	Scheels
rei.com	REI
backcountry.com	Backcountry
evo.com	evo
fanatics.com	Fanatics
nflshop.com	NFL Shop
nbastore.com	NBA Store
mlbshop.com	MLB Shop
lids.com	Lids
golfgalaxy.com	Golf Galaxy
pgatoursuperstore.com	PGA TOUR Superstore
peloton.com	Peloton
nordictrack.com	NordicTrack
bowflex.com	Bowflex
roguefitness.com	Rogue Fitness
therabody.com	Therabody
hyperice.com	Hyperice
onnit.com	Onnit
jensonusa.com	Jenson USA
competitivecyclist.com	Competitive Cyclist
trekbikes.com	Trek Bikes
specialized.com	Specialized
canyon.com	Canyon
radpowerbikes.com	Rad Power Bikes
westmarine.com	West Marine
midwayusa.com	MidwayUSA
brownells.com	Brownells
palmettostatearmory.com	Palmetto State Armory
opticsplanet.com	OpticsPlanet
sportsmansguide.com	The Sportsman's Guide
gunbroker.com	GunBroker
jackery.com	Jackery
ecoflow.com	EcoFlow
yeti.com	YETI
rticoutdoors.com	RTIC Outdoors
hydroflask.com	Hydro Flask
stanley1913.com	Stanley
autozone.com	AutoZone
oreillyauto.com	O'Reilly Auto Parts
advanceautoparts.com	Advance Auto Parts
napaonline.com	NAPA Auto Parts
rockauto.com	RockAuto
carparts.com	CarParts.com
summitracing.com	Summit Racing Equipment
jegs.com	JEGS
americanmuscle.com	AmericanMuscle
tirerack.com	Tire Rack
discounttire.com	Discount Tire
carid.com	CARiD
rockymountainatvmc.com	Rocky Mountain ATV/MC
revzilla.com	RevZilla
harley-davidson.com	Harley-Davidson
weathertech.com	WeatherTech
carvana.com	Carvana
snapon.com	Snap-on
dewalt.com	DEWALT
milwaukeetool.com	Milwaukee Tool
uline.com	Uline
fastenal.com	Fastenal
grainger.com	Grainger
mcmaster.com	McMaster-Carr
zoro.com	Zoro
globalindustrial.com	Global Industrial
digikey.com	DigiKey
mouser.com	Mouser Electronics
staples.com	Staples
officedepot.com	Office Depot
quill.com	Quill
barnesandnoble.com	Barnes & Noble
thriftbooks.com	ThriftBooks
abebooks.com	AbeBooks
bookshop.org	Bookshop.org
scholastic.com	Scholastic
lego.com	LEGO
mattel.com	Mattel
melissaanddoug.com	Melissa & Doug
buildabear.com	Build-A-Bear Workshop
americangirl.com	American Girl
toysrus.com	Toys R Us
funko.com	Funko
games-workshop.com	Games Workshop
apmex.com	APMEX
michaels.com	Michaels
joann.com	JOANN
hobbylobby.com	Hobby Lobby
blick.com	Blick Art Materials
spoonflower.com	Spoonflower
cricut.com	Cricut
partycity.com	Party City
orientaltrading.com	Oriental Trading
spirithalloween.com	Spirit Halloween
claires.com	Claire's
sharperimage.com	Sharper Image
uncommongoods.com	UncommonGoods
minted.com	Minted
shutterfly.com	Shutterfly
snapfish.com	Snapfish
vistaprint.com	Vistaprint
zazzle.com	Zazzle
redbubble.com	Redbubble
society6.com	Society6
customink.com	Custom Ink
artsy.net	Artsy
hallmark.com	Hallmark
cvs.com	CVS Pharmacy
walgreens.com	Walgreens
riteaid.com	Rite Aid
gnc.com	GNC
vitaminshoppe.com	The Vitamin Shoppe
iherb.com	iHerb
vitacost.com	Vitacost
swansonvitamins.com	Swanson Vitamins
lifeextension.com	Life Extension
ritual.com	Ritual
drinkag1.com	AG1
bodybuilding.com	Bodybuilding.com
myprotein.com	Myprotein
hims.com	Hims
forhers.com	Hers
ro.co	Ro
everlywell.com	Everlywell
23andme.com	23andMe
warbyparker.com	Warby Parker
zennioptical.com	Zenni Optical
eyebuydirect.com	EyeBuyDirect
glassesusa.com	GlassesUSA
lenscrafters.com	LensCrafters
1800contacts.com	1-800 CONTACTS
oakley.com	Oakley
sunglasshut.com	Sunglass Hut
rayban.com	Ray-Ban
goodr.com	goodr
bluenile.com	Blue Nile
jamesallen.com	James Allen
brilliantearth.com	Brilliant Earth
zales.com	Zales
kay.com	Kay Jewelers
jared.com	Jared
tiffany.com	Tiffany & Co.
cartier.com	Cartier
davidyurman.com	David Yurman
pandora.net	Pandora
mejuri.com	Mejuri
kendrascott.com	Kendra Scott
jomashop.com	Jomashop
timex.com	Timex
shinola.com	Shinola
fossil.com	Fossil
1800flowers.com	1-800-Flowers
ftd.com	FTD
ediblearrangements.com	Edible Arrangements
buybuybaby.com	buybuy BABY
carters.com	Carter's
thechildrensplace.com	The Children's Place
lovevery.com	Lovevery
kiwico.com	KiwiCo
babylist.com	Babylist
potterybarnkids.com	Pottery Barn Kids
fridababy.com	Frida Baby
huggies.com	Huggies
pampers.com	Pampers
honest.com	The Honest Company
stitchfix.com	Stitch Fix
renttherunway.com	Rent the Runway
davidsbridal.com	David's Bridal
zola.com	Zola
grove.co	Grove Collaborative
