birminghammail.co.uk	Birmingham Live
birminghampost.co.uk	Birmingham Post
coventrytelegraph.net	CoventryLive
tamworthherald.co.uk	Tamworth Herald
hinckleytimes.net	Hinckley Times
liverpoolecho.co.uk	Liverpool Echo
southportvisiter.co.uk	Southport Visiter
manchestereveningnews.co.uk	Manchester Evening News
chroniclelive.co.uk	ChronicleLive
gazettelive.co.uk	TeessideLive
examinerlive.co.uk	Huddersfield Examiner
yorkshirelive.co.uk	YorkshireLive
leeds-live.co.uk	LeedsLive
hulldailymail.co.uk	Hull Live
grimsbytelegraph.co.uk	GrimsbyLive
scunthorpetelegraph.co.uk	Scunthorpe Telegraph
lincolnshirelive.co.uk	Lincolnshire Live
nottinghampost.co.uk	Nottinghamshire Live
derbytelegraph.co.uk	Derbyshire Live
leicestermercury.co.uk	Leicestershire Live
stokesentinel.co.uk	StokeonTrentLive
staffordshire-live.co.uk	Staffordshire Live
burtonmail.co.uk	Burton Mail
cheshirelive.co.uk	Cheshire Live
chesterchronicle.co.uk	Chester Chronicle
crewechronicle.co.uk	Crewe Chronicle
lancs.live	LancsLive
bristolpost.co.uk	Bristol Live
westerndailypress.co.uk	Western Daily Press
bathchronicle.co.uk	Bath Chronicle
somersetlive.co.uk	Somerset Live
gloucestershirelive.co.uk	Gloucestershire Live
devonlive.com	Devon Live
plymouthherald.co.uk	Plymouth Live
plymouthlive.com	Plymouth Live
westernmorningnews.co.uk	Western Morning News
expressandecho.co.uk	Exeter Express and Echo
cornwalllive.com	Cornwall Live
dorset.live	Dorset Live
hampshirelive.news	Hampshire Live
berkshirelive.co.uk	Berkshire Live
getreading.co.uk	Get Reading
getsurrey.co.uk	Surrey Live
surreylive.co.uk	Surrey Live
kentlive.news	Kent Live
essexlive.news	Essex Live
hertfordshiremercury.co.uk	Hertfordshire Mercury
cambridge-news.co.uk	Cambridgeshire Live
bedfordshirelive.co.uk	Bedfordshire Live
northantslive.news	Northamptonshire Live
buckinghamshirelive.com	Buckinghamshire Live
oxfordshirelive.co.uk	Oxfordshire Live
wiltshirelive.co.uk	Wiltshire Live
suffolklive.co.uk	Suffolk Live
mylondon.news	MyLondon
getwestlondon.co.uk	Get West London
wharf.co.uk	The Wharf
walesonline.co.uk	WalesOnline
dailypost.co.uk	North Wales Live
dailyrecord.co.uk	Daily Record
glasgowlive.co.uk	Glasgow Live
edinburghlive.co.uk	Edinburgh Live
aberdeenlive.news	Aberdeen Live
scottishdailyexpress.co.uk	Scottish Daily Express
belfastlive.co.uk	Belfast Live
sundaylife.co.uk	Sunday Life
irishmirror.ie	Irish Mirror
dublinlive.ie	Dublin Live
corkbeo.ie	Cork Beo
rsvplive.ie	RSVP Live
buzz.ie	Buzz.ie
businesslive.co.uk	BusinessLive
insider.co.uk	Insider Scotland
inyourarea.co.uk	InYourArea
theargus.co.uk	The Argus Brighton
oxfordmail.co.uk	Oxford Mail
heraldseries.co.uk	Herald Series Oxfordshire
witneygazette.co.uk	Witney Gazette
banburycake.co.uk	Banbury Cake
bicesteradvertiser.net	Bicester Advertiser
yorkpress.co.uk	The Press York
gazetteherald.co.uk	Gazette and Herald Malton
thenorthernecho.co.uk	The Northern Echo
darlingtonandstocktontimes.co.uk	Darlington and Stockton Times
bournemouthecho.co.uk	Bournemouth Echo
dailyecho.co.uk	Southern Daily Echo
dorsetecho.co.uk	Dorset Echo
bridportnews.co.uk	Bridport News
salisburyjournal.co.uk	Salisbury Journal
basingstokegazette.co.uk	Basingstoke Gazette
andoveradvertiser.co.uk	Andover Advertiser
romseyadvertiser.co.uk	Romsey Advertiser
hampshirechronicle.co.uk	Hampshire Chronicle
iwcp.co.uk	Isle of Wight County Press
swindonadvertiser.co.uk	Swindon Advertiser
gazetteandherald.co.uk	Wiltshire Gazette and Herald
wiltshiretimes.co.uk	Wiltshire Times
somersetcountygazette.co.uk	Somerset County Gazette
bridgwatermercury.co.uk	Bridgwater Mercury
chardandilminsternews.co.uk	Chard and Ilminster News
wiltsglosstandard.co.uk	Wilts and Gloucestershire Standard
stroudnewsandjournal.co.uk	Stroud News and Journal
cotswoldjournal.co.uk	Cotswold Journal
falmouthpacket.co.uk	Falmouth Packet
helstonpacket.co.uk	Helston Packet
thewestmorlandgazette.co.uk	The Westmorland Gazette
nwemail.co.uk	NW Evening Mail Barrow
newsandstar.co.uk	News and Star Carlisle
thecumberlandnews.co.uk	The Cumberland News
timesandstar.co.uk	Times and Star Workington
whitehavennews.co.uk	Whitehaven News
hexhamcourant.co.uk	Hexham Courant
thetelegraphandargus.co.uk	Telegraph and Argus Bradford
keighleynews.co.uk	Keighley News
ilkleygazette.co.uk	Ilkley Gazette
wharfedaleobserver.co.uk	Wharfedale Observer
cravenherald.co.uk	Craven Herald
theboltonnews.co.uk	The Bolton News
burytimes.co.uk	Bury Times
leighjournal.co.uk	Leigh Journal
theoldhamtimes.co.uk	The Oldham Times
lancashiretelegraph.co.uk	Lancashire Telegraph
warringtonguardian.co.uk	Warrington Guardian
runcornandwidnesworld.co.uk	Runcorn and Widnes World
northwichguardian.co.uk	Northwich Guardian
winsfordguardian.co.uk	Winsford Guardian
knutsfordguardian.co.uk	Knutsford Guardian
messengernewspapers.co.uk	Messenger Newspapers
sthelensstar.co.uk	St Helens Star
wirralglobe.co.uk	Wirral Globe
gazette-news.co.uk	Colchester Gazette
echo-news.co.uk	Basildon Echo
braintreeandwithamtimes.co.uk	Braintree and Witham Times
clactonandfrintongazette.co.uk	Clacton and Frinton Gazette
thurrockgazette.co.uk	Thurrock Gazette
maldonandburnhamstandard.co.uk	Maldon and Burnham Standard
halsteadgazette.co.uk	Halstead Gazette
harwichandmanningtreestandard.co.uk	Harwich and Manningtree Standard
chelmsfordweeklynews.co.uk	Chelmsford Weekly News
newsshopper.co.uk	News Shopper
yourlocalguardian.co.uk	Your Local Guardian
thisislocallondon.co.uk	This Is Local London
surreycomet.co.uk	Surrey Comet
richmondandtwickenhamtimes.co.uk	Richmond and Twickenham Times
times-series.co.uk	Barnet Times Series
guardian-series.co.uk	Waltham Forest Guardian
harrowtimes.co.uk	Harrow Times
hillingdontimes.co.uk	Hillingdon Times
ealingtimes.co.uk	Ealing Times
borehamwoodtimes.co.uk	Borehamwood Times
watfordobserver.co.uk	Watford Observer
enfieldindependent.co.uk	Enfield Independent
haringeyindependent.co.uk	Haringey Independent
bucksfreepress.co.uk	Bucks Free Press
readingchronicle.co.uk	Reading Chronicle
bracknellnews.co.uk	Bracknell News
worcesternews.co.uk	Worcester News
malverngazette.co.uk	Malvern Gazette
kidderminstershuttle.co.uk	Kidderminster Shuttle
eveshamjournal.co.uk	Evesham Journal
bromsgroveadvertiser.co.uk	Bromsgrove Advertiser
redditchadvertiser.co.uk	Redditch Advertiser
droitwichadvertiser.co.uk	Droitwich Advertiser
ledburyreporter.co.uk	Ledbury Reporter
herefordtimes.co.uk	Hereford Times
stourbridgenews.co.uk	Stourbridge News
halesowennews.co.uk	Halesowen News
dudleynews.co.uk	Dudley News
southwalesargus.co.uk	South Wales Argus
freepressseries.co.uk	Free Press Series Gwent
penarthtimes.co.uk	Penarth Times
barryanddistrictnews.co.uk	Barry and District News
southwalesguardian.co.uk	South Wales Guardian
tivysideadvertiser.co.uk	Tivyside Advertiser
milfordmercury.co.uk	Milford Mercury
westerntelegraph.co.uk	Western Telegraph
countytimes.co.uk	Powys County Times
northwaleschronicle.co.uk	North Wales Chronicle
northwalespioneer.co.uk	North Wales Pioneer
rhyljournal.co.uk	Rhyl Journal
denbighshirefreepress.co.uk	Denbighshire Free Press
leaderlive.co.uk	The Leader Wrexham
thenational.wales	The National Wales
heraldscotland.com	The Herald Scotland
glasgowtimes.co.uk	Glasgow Times
thenational.scot	The National Scotland
greenocktelegraph.co.uk	Greenock Telegraph
barrheadnews.com	Barrhead News
clydebankpost.co.uk	Clydebank Post
dumbartonreporter.co.uk	Dumbarton and Vale of Leven Reporter
helensburghadvertiser.co.uk	Helensburgh Advertiser
eastlothiancourier.com	East Lothian Courier
dunfermlinepress.com	Dunfermline Press
alloaadvertiser.com	Alloa Advertiser
ardrossanherald.com	Ardrossan Herald
irvinetimes.com	Irvine Times
largsandmillportnews.com	Largs and Millport News
cumnockchronicle.com	Cumnock Chronicle
ayradvertiser.com	Ayr Advertiser
borderstelegraph.com	Border Telegraph
peeblesshirenews.com	Peeblesshire News
thescottishfarmer.co.uk	The Scottish Farmer
impartialreporter.com	The Impartial Reporter
edp24.co.uk	Eastern Daily Press
eveningnews24.co.uk	Norwich Evening News
eadt.co.uk	East Anglian Daily Times
ipswichstar.co.uk	Ipswich Star
greatyarmouthmercury.co.uk	Great Yarmouth Mercury
lowestoftjournal.co.uk	Lowestoft Journal
northnorfolknews.co.uk	North Norfolk News
cambstimes.co.uk	Cambs Times
elystandard.co.uk	Ely Standard
wisbechstandard.co.uk	Wisbech Standard
huntspost.co.uk	Hunts Post
roystoncrow.co.uk	Royston Crow
hertsad.co.uk	Herts Advertiser
welwynhatfieldtimes.co.uk	Welwyn Hatfield Times
thecomet.net	The Comet Stevenage
hamhigh.co.uk	Ham and High
islingtongazette.co.uk	Islington Gazette
hackneygazette.co.uk	Hackney Gazette
eastlondonadvertiser.co.uk	East London Advertiser
newhamrecorder.co.uk	Newham Recorder
romfordrecorder.co.uk	Romford Recorder
ilfordrecorder.co.uk	Ilford Recorder
barkinganddagenhampost.co.uk	Barking and Dagenham Post
brentandkilburntimes.co.uk	Brent and Kilburn Times
thewestonmercury.co.uk	Weston Mercury
northsomersettimes.co.uk	North Somerset Times
sidmouthherald.co.uk	Sidmouth Herald
exmouthjournal.co.uk	Exmouth Journal
northdevongazette.co.uk	North Devon Gazette
yorkshirepost.co.uk	The Yorkshire Post
yorkshireeveningpost.co.uk	Yorkshire Evening Post
thestar.co.uk	The Star Sheffield
sheffieldtelegraph.co.uk	Sheffield Telegraph
doncasterfreepress.co.uk	Doncaster Free Press
worksopguardian.co.uk	Worksop Guardian
thescarboroughnews.co.uk	The Scarborough News
halifaxcourier.co.uk	Halifax Courier
wakefieldexpress.co.uk	Wakefield Express
pontefractandcastlefordexpress.co.uk	Pontefract and Castleford Express
dewsburyreporter.co.uk	Dewsbury Reporter
batleynews.co.uk	Batley News
spenboroughguardian.co.uk	Spenborough Guardian
hemsworthandsouthelmsallexpress.co.uk	Hemsworth and South Elmsall Express
morleyobserver.co.uk	Morley Observer
wetherbynews.co.uk	Wetherby News
harrogateadvertiser.co.uk	Harrogate Advertiser
lutontoday.co.uk	Luton Today
bedfordtoday.co.uk	Bedford Today
biggleswadetoday.co.uk	Biggleswade Today
leightonbuzzardonline.co.uk	Leighton Buzzard Online
miltonkeynes.co.uk	MK Citizen
bucksherald.co.uk	Bucks Herald
banburyguardian.co.uk	Banbury Guardian
northamptonchron.co.uk	Northampton Chronicle and Echo
daventryexpress.co.uk	Daventry Express
northantstelegraph.co.uk	Northants Telegraph
harboroughmail.co.uk	Harborough Mail
meltontimes.co.uk	Melton Times
derbyshiretimes.co.uk	Derbyshire Times
buxtonadvertiser.co.uk	Buxton Advertiser
mansfieldchad.co.uk	Mansfield Chad
hucknalldispatch.co.uk	Hucknall Dispatch
lincolnshireworld.com	Lincolnshire World
portsmouth.co.uk	The News Portsmouth
chichester.co.uk	Chichester Observer
bognor.co.uk	Bognor Regis Observer
worthingherald.co.uk	Worthing Herald
shorehamherald.co.uk	Shoreham Herald
littlehamptongazette.co.uk	Littlehampton Gazette
midhurstandpetworth.co.uk	Midhurst and Petworth Observer
wscountytimes.co.uk	West Sussex County Times
crawleyobserver.co.uk	Crawley Observer
midsussextimes.co.uk	Mid Sussex Times
sussexexpress.co.uk	Sussex Express
eastbourneherald.co.uk	Eastbourne Herald
hastingsobserver.co.uk	Hastings Observer
bexhillobserver.co.uk	Bexhill Observer
sussexworld.co.uk	Sussex World
sunderlandecho.com	Sunderland Echo
shieldsgazette.com	Shields Gazette
hartlepoolmail.co.uk	Hartlepool Mail
newspostleader.co.uk	News Post Leader
morpethherald.co.uk	Morpeth Herald
berwickadvertiser.co.uk	Berwick Advertiser
northumberlandgazette.co.uk	Northumberland Gazette
blackpoolgazette.co.uk	Blackpool Gazette
lep.co.uk	Lancashire Evening Post
lancasterguardian.co.uk	Lancaster Guardian
fleetwoodtoday.co.uk	Fleetwood Weekly News
lythamstannesexpress.co.uk	Lytham St Annes Express
garstangcourier.co.uk	Garstang Courier
chorley-guardian.co.uk	Chorley Guardian
clitheroeadvertiser.co.uk	Clitheroe Advertiser
wigantoday.net	Wigan Today
burnleyexpress.net	Burnley Express
scotsman.com	The Scotsman
edinburghnews.scotsman.com	Edinburgh Evening News
falkirkherald.co.uk	Falkirk Herald
fifetoday.co.uk	Fife Today
cumbernauld-news.co.uk	Cumbernauld News
kirkintilloch-herald.co.uk	Kirkintilloch Herald
motherwelltimes.co.uk	Motherwell Times
thesouthernreporter.co.uk	The Southern Reporter
berwickshirenews.co.uk	Berwickshire News
stornowaygazette.co.uk	Stornoway Gazette
newsletter.co.uk	Belfast News Letter
derryjournal.com	Derry Journal
farminglife.com	Farming Life
londonderrysentinel.co.uk	Londonderry Sentinel
ballymenatimes.com	Ballymena Times
larnetimes.co.uk	Larne Times
lurganmail.co.uk	Lurgan Mail
portadowntimes.co.uk	Portadown Times
banbridgeleader.co.uk	Banbridge Leader
midulstermail.co.uk	Mid Ulster Mail
lisburntoday.co.uk	Lisburn Today
ulsterstar.co.uk	Ulster Star
ballymoneytimes.co.uk	Ballymoney Times
nationalworld.com	NationalWorld
birminghamworld.uk	Birmingham World
glasgowworld.com	Glasgow World
manchesterworld.uk	Manchester World
liverpoolworld.uk	Liverpool World
newcastleworld.com	Newcastle World
bristolworld.com	Bristol World
londonworld.com	London World
expressandstar.com	Express and Star
shropshirestar.com	Shropshire Star
guernseypress.com	Guernsey Press
jerseyeveningpost.com	Jersey Evening Post
cambridgeindependent.co.uk	Cambridge Independent
suffolknews.co.uk	Suffolk News
buryfreepress.co.uk	Bury Free Press
newmarketjournal.co.uk	Newmarket Journal
dissexpress.co.uk	Diss Express
haverhillecho.co.uk	Haverhill Echo
lynnnews.co.uk	Lynn News
fenlandcitizen.co.uk	Fenland Citizen
stamfordmercury.co.uk	Stamford Mercury
granthamjournal.co.uk	Grantham Journal
sleafordstandard.co.uk	Sleaford Standard
bostonstandard.co.uk	Boston Standard
louthleader.co.uk	Louth Leader
skegnessstandard.co.uk	Skegness Standard
horncastlenews.co.uk	Horncastle News
spaldingtoday.co.uk	Spalding Today
peterboroughtoday.co.uk	Peterborough Telegraph
maidenhead-advertiser.co.uk	Maidenhead Advertiser
inverness-courier.co.uk	Inverness Courier
johnogroat-journal.co.uk	John O Groat Journal
caithness-courier.co.uk	Caithness Courier
northern-times.co.uk	Northern Times
ross-shirejournal.co.uk	Ross-shire Journal
strathspey-herald.co.uk	Strathspey Herald
northern-scot.co.uk	The Northern Scot
forres-gazette.co.uk	Forres Gazette
banffshire-journal.co.uk	Banffshire Journal
kentonline.co.uk	KentOnline
thecourier.co.uk	The Courier Dundee
eveningtelegraph.co.uk	Evening Telegraph Dundee
pressandjournal.co.uk	The Press and Journal
eveningexpress.co.uk	Evening Express Aberdeen
sundaypost.com	The Sunday Post
energyvoice.com	Energy Voice
cornishtimes.co.uk	Cornish Times
tavistock-today.co.uk	Tavistock Times Gazette
okehampton-today.co.uk	Okehampton Times
farnhamherald.com	Farnham Herald
altonherald.com	Alton Herald
petersfieldpost.co.uk	Petersfield Post
tenby-today.co.uk	Tenby Observer
abergavennychronicle.com	Abergavenny Chronicle
monmouthshirebeacon.co.uk	Monmouthshire Beacon
brecon-radnor.co.uk	Brecon and Radnor Express
cambrian-news.co.uk	Cambrian News
iomtoday.co.im	Isle of Man Today
obantimes.co.uk	The Oban Times
newburytoday.co.uk	Newbury Today
henleystandard.co.uk	Henley Standard
wokinghamtoday.co.uk	Wokingham Today
belfasttelegraph.co.uk	Belfast Telegraph
irishnews.com	The Irish News
belfastmedia.com	Belfast Media Group
downrecorder.co.uk	Down Recorder
newryreporter.com	Newry Reporter
ulsterherald.com	Ulster Herald
strabanechronicle.com	Strabane Chronicle
thedetail.tv	The Detail
theferret.scot	The Ferret
hackneycitizen.co.uk	Hackney Citizen
thebristolcable.org	The Bristol Cable
themeteor.org	The Meteor Manchester
manchestermill.co.uk	The Mill Manchester
liverpoolpost.co.uk	The Post Liverpool
sheffieldtribune.co.uk	The Tribune Sheffield
londoncentric.media	London Centric
camdennewjournal.co.uk	Camden New Journal
islingtontribune.com	Islington Tribune
westendextra.com	West End Extra
southwarknews.co.uk	Southwark News
brixtonbuzz.com	Brixton Buzz
eastlondonlines.co.uk	East London Lines
yourthurrock.com	Your Thurrock
theisleofthanetnews.com	The Isle of Thanet News
islandecho.co.uk	Island Echo
onthewight.com	On The Wight
bailiwickexpress.com	Bailiwick Express
manxradio.com	Manx Radio
thelincolnite.co.uk	The Lincolnite
yorkmix.com	YorkMix
westbridgfordwire.com	West Bridgford Wire
blogpreston.co.uk	Blog Preston
cumbriacrack.com	Cumbria Crack
deeside.com	Deeside.com
wrexham.com	Wrexham.com
nation.cymru	Nation Cymru
golwg360.cymru	Golwg360
pembrokeshire-herald.com	Pembrokeshire Herald
llanelliherald.com	Llanelli Herald
shetlandtimes.co.uk	The Shetland Times
shetnews.co.uk	Shetland News
orcadian.co.uk	The Orcadian
orkneynews.scot	The Orkney News
westhighlandfreepress.co.uk	West Highland Free Press
hebrides-news.com	Hebrides News
dng24.co.uk	DNG24 Dumfries and Galloway
thebusinessdesk.com	TheBusinessDesk
insidermedia.com	Insider Media
prolificnorth.co.uk	Prolific North
bdaily.co.uk	Bdaily Business News
thebusinessmagazine.co.uk	The Business Magazine
cityam.com	City AM
thecanary.co	The Canary
novaramedia.com	Novara Media
bylinetimes.com	Byline Times
opendemocracy.net	openDemocracy
morningstaronline.co.uk	Morning Star
thelondoneconomic.com	The London Economic
yorkshirebylines.co.uk	Yorkshire Bylines
northeastbylines.co.uk	North East Bylines
westenglandbylines.co.uk	West England Bylines
sussexbylines.co.uk	Sussex Bylines
eastangliabylines.co.uk	East Anglia Bylines
centralbylines.co.uk	Central Bylines
holyrood.com	Holyrood Magazine
coventryobserver.co.uk	Coventry Observer
solihullobserver.co.uk	Solihull Observer
worcesterobserver.co.uk	Worcester Observer
malvernobserver.co.uk	Malvern Observer
leamingtonobserver.co.uk	Leamington Observer
bromsgrovestandard.co.uk	Bromsgrove Standard
redditchstandard.co.uk	Redditch Standard
droitwichstandard.co.uk	Droitwich Standard
